Translation Key,Translated Value
ammo-vog-25,VOG-25 grenade
st_wpn_vz61_freedom,Skorpion vz.68 "Freedom"
st_letter_to_outside_name,Letter to Natalie
st_data_export_is_junk,Is junk
st_bolt_carrier_6,Sliding Bolt Carrier with Locking Bolt (Carrier)
st_data_export_ammo_types_alt,Alt. ammo
military_bandit_outfit_name,Looted Skat-9 Armored Suit
ammo-7.92x33_ap,7.92x57 mm AP rounds
gamma_fire_wound_cap,Ballistic Cap
l13_generators,Generators
st_af_fonar_name,Lamp
st_gamma_recipe_expert_1,Survival Guide Vol. 3
st_af_dragon_eye_name,Dragon's Eye
st_data_export_post_heal_torso,Post-Heal Torso
st_rank_novice,Rookie
mutant_psysucker_meat,Psysucker Meat
st_af_frames_name,Aluminium Frames
cs_stalker_outfit_name,CS-2b Body Armor
st_wpn_brn180,BRN-180
st_data_export_can_be_crafted,Can be crafted
merc_coyote_outfit_name,Mercenary MTS-C Body Suit
st_af_cristall_flower_name,Stone Flower
ui_inv_outfit_additional_weight,%c[0,255,255,255]Weight Carried:
st_mag_sig550_sniper_5.56x45,20-round 5.56x45 SG550-1 Magazine
st_powder_pistol,Pistol/Shotgun Propellant
st_mag_sks_7.62x54,Standard 7.62x54 SKS Magazine
st_ration_ru,Russian IRP-B Combat Ration
st_prt_w_p_trigger_1,Single-action Trigger Mechanism (Trigger)
st_wpn_pl15_pl15_scolaz,Lebedev PL-15 "Bearcat"
st_mag_pmm_9x19_fmj,Modified 9x19 PMM Magazine
st_mag_vintorez_9x39_pab9,10-round 9x39 VSS Magazine
st_wpn_pm_actor,Makarov PM "Ceremonial"
mutant_heart_chimera,Chimera Heart
st_wpn_fnx45_custom,FNX-45
st_drug_booster,Hercules
merc_sun_outfit_name,"Twilight" Tactical Suit
st_mag_vityaz_9x18_fmj,Modified 9x18 Vityaz-SN Magazine
st_grease,Industrial Grease
st_ball_hammer,Ball-peen Hammer
st_af_frames_up_name,Improved Aluminium Frames
st_gas_tube_3,Gas Tube [V] (Gas Tube)
st_wpn_ak105,AK-105
st_knife_swat,Spetsnaz Switchblade
st_af_electra_flash_name,Flash
st_wpn_pm_custom,Makarov PM
st_army_bowler,Army Kettle
st_data_export_post_heal_arm,Post-Heal Arm
st_mag_baskiparis_9x19_20,Small 9x19 Kiparis Magazine
st_prt_w_p_barrel_6,9x18mm Barrel (enclosed) (Barrel)
light_merc_outfit_name,Mercenary IBAz Suit
ammo-5.56x45-fmj,5.56x45 mm FMJ rounds
st_itm_mapkit_8,Anomaly Map (Garbage)
st_prt_o_ballistic_4,Kevlar K129 Plates w/ Carbon-fiber Composite
st_wpn_mossberg590a1_rail,Mossberg 590A1
st_mag_usptac_9x19_fmj,Standard 9x19 USP Magazine
st_prt_i_fasteners,Fasteners
st_headlamp,Broken Head Lamp
st_prt_i_plastic,Plastic Film
st_wpn_sks_b,SKS
l02_garbage,Garbage
st_prt_w_p_spring_1,9mm Recoil Spring Assembly [Soviet] (Spring)
light_freedom_outfit_name,Defender of Freedom
st_antirad_cystamine,Cystamine
st_wpn_thompson_1921,Thompson Model 1921
st_mag_ash12_ext_12.7x55,Extended 12.7x55 ASh-12 Magazine
st_mag_svt40_7.62x54,Standard 7.62x54 SVT-40 Magazine
st_af_plates_up_name,Improved Carbon Steel Plates
st_wpn_ak74u_old,AK-74U
st_af_ah_o1,Magnet
st_af_ah_g2,Easy
st_wpn_bizon,PP-19 Bizon
st_wpn_k98_mod,Mauser 98k Forester mk.1
mutant_fang_psevdodog,Pseudodog Fang
st_wpn_hpsa,Browning Hi-Power
st_data_export_stash_type,Stash Type
military_exolight_outfit_name,Military Stalker Exosuit
st_wpn_sig550,SIG SG 550
jupiter_underground,Jupiter Underground
st_prt_o_retardant_1,Layered Fire Retardant Fabrics
ammo-12x76-bull,12x76 Bull shells
st_wpn_glock,Glock 19
monolith_outfit_name,Monolith X-18 Suit
st_hide_pseudodog_name,Pseudodog Fur
#3,#3
st_mag_mp9iwp,9x19 Magazine
mutant_krovosos_jaw,Bloodsucker Jaw
st_wpn_sr25,SR-25
st_kukri,Kukri
mutant_pseudogigant_eye,Pseudogiant Eye
ui_inv_outfit_wound_protection,%c[0,255,255,255]Rupture Res:
st_prt_o_retardant_3,Grade-B RPVC Treated Fabrics
st_af_cell_name,Cell
stalker_proto_exo_outfit_name,"Sunrise" Exoskeleton
st_af_fuzz_kolobok_name,Kolobok
ui_inv_damage,%c[0,255,255,255]Damage:
st_sledge_hammer,Sledgehammer
st_barrel_11,9mm Barrel [AS/PP] (Barrel)
st_af_peas_name,Moon
st_hide_chimera_name,Chimera Hide
st_roubles,Roubles
st_rank_ssu,SSU
st_prt_o_retardant_9,Polymer Sheets (Mismuth-sulfate Coating)
st_af_ah_s1,Aroth-8
st_wpn_mp7,MP7
st_barrel_7,7.62mm Barrel [A|V] (Barrel)
cs_scientific_outfit_good_name,CS-4a Pathfinder
st_wpn_benelli_m1014,M1014
merc_wolven_outfit_name,Mercenary STS-W Body Armor
trenchcoat_dolg_brown_outfit_name,Heavy Duty Overcoat
mutant_heart_bloodsucker,Bloodsucker Heart
st_antirad,Anti-radiation Drugs
st_wpn_ak74u_n1,AKS-74U
st_mag_basvz61_9x18_30,Standard 9x18 VZ. 61 Magazine
st_drink_crow,Tea "The Beak"
st_rank_sniper,Sniper squad
st_wpn_kiparis,OTs-02 Kiparis
ui_inv_recoil,%c[pda_white]Recoil Control:
st_device_torch_nv_1_name,Headlamp w/ 1PN93-1 Night Vision
st_chili,Chili Beans
st_glucose,Large Glucose Shot
st_prt_o_ballistic_17,Polyethylene Fiber Layers w/ Polycarbonate Inserts
novice_outfit_camo_name,Firearm Enthusiast's Jacket
st_flask,Flask (Clean Water)
stalker_drought_outfit_name,"Drought" Stalker Suit
st_mag_basremington700_7.62x51,Extended Remington 700 Magazine with a capacity of 12 rounds.
st_af_blood_name,Stone Blood
st_mag_nato_5.56x45_drum_ext,KCI 100-Round Gen 2 Drum Magazine
mutant_psevdodog_meat,Pseudodog Meat
svoboda_light_proto_exo_outfit_name,Wind of Freedom Exoskeleton
ui_inv_outfit_strike_protection,%c[0,255,255,255]Impact Res:
st_wpn_ak12_mono_kit,AK-12 "Monolith's Light"
BR6,BR6
st_wpn_scar_siber_m2,FN SCAR-H "Expert Operator"
helm_spartan,Cz-M10 Spartan Helmet
st_wpn_desert_eagle_nimble,Desert Eagle "Steppe Eagle"
merc_nosorog_outfit_name,Mercenary Nosorog
st_af_kislushka_name,Sourpuss
st_data_export_blast_power,st_data_export_blast_power
st_bolt_10,Rotating Locking Head [8 Locks] [�] (Bolt)
st_bolt_2,Rotating Locking Head [2 Locks] [P] (Bolt)
mutant_burer_hand,Burer Hand
st_data_export_disassemble_amount,Amount
st_upgr_w_internal,Weapon Mechanism Upgrade Kit
st_af_ah_e1,Souvenir
st_data_export_stash_chance,Chance %
st_recipe_drug_4,Drug Recipe #4
st_wpn_pl15,Lebedev PL-15
st_prt_w_p_trigger_2,Double-action Trigger Mechanism (Trigger)
st_wpn_ksg,KSG-23
st_bolt_carrier_5,Half-free Sliding Bolt Carrier (Carrier)
st_mag_nato_5.56x45_fast,Fast-loading 5.56x45 STANAG magazine
st_equ_touristpack_name,Tourist Backpack
ui_inv_outfit_explosion_protection,%c[0,255,255,255]Explosive Res:
gamma_wound_cap,Rupture Cap
st_af_mincer_meat_name,Meat Chunk
st_heavy_sewing_thread,Field Armor Toolkit
st_wpn_ak12_m1,AK-12
st_jgut_zhgut,Tourniquet
st_mag_vsk94_9x39_pab9,Standard 9x39 Box Magazine
mag_kriss45,Standard .45 ACP Vector Magazine
st_wpn_bm16_full_alt_23,TOZ-34 "Bear"
st_gas_tube_11,Gas Tube [PP] (Gas Tube)
st_trigger_components_1,Single-mode Hammer Type Trigger (Trigger)
st_af_cocoon_name,Cocoon
st_mag_svd_5.56,Standard 5.56x45 SVD Magazine
dolg_pantsir_outfit_name,PSZ-7p Shell Armor
st_mag_sr1m_9x21,Standard 9x21 SR1M Magazine
ui_inv_outfit_chemical_burn_protection,%c[0,255,255,255]Chemical Res:
st_mag_stanag_7.62x51_short,10-round 7.62x51 STANAG Magazine
st_wpn_l85a2_alt,L85A2
st_kolbasa,Doctor's Sausage
st_af_cooler_name,Body Cooler
st_af_spaika_name,Spike
mutant_pseudogigant_hand,Pseudogiant Hand
st_wpn_sig226_226sig_kit,SIG P226R Custom
st_wpn_toz34_bull,TOZ-34 "Bull"
mutant_flesh_meat,Flesh Meat
st_wpn_ak102,AK-102
st_jar,Plastic Jar
st_sewing_thread,Sewing Thread
st_af_compass_name,Compass
st_data_export_first_aid_leg,First-Aid leg
st_wpn_k98_mod_silen98,Karabiner 98k Forester mk.2
st_gas_tube_2,Handguard [R] (Gas Tube)
st_wpn_ak74m_beard,AK-74M "Venom"
st_wpn_ak74_eot,AK-74N EOTech
st_duct_tape,Duct Tape
st_af_camelbak_name,Camelbak
bandit_exolight_outfit_name,Looted Exosuit
st_wpn_pb_bas,PB
st_wpn_type63,Type 63
st_af_ball_name,Ball
st_hide_controller_name,Controller Scalp
st_wpn_mossberg590a1_wood,Mossberg 590A1 Retrograde
banditmerc_outfit_name,Fenced LC Suit
st_data_export_stash_item,Item
st_mag_sigp220_11.43x23_fmjext,Extended .45 SigP220 Magazine
st_wpn_fal_sa58_osw,SA-58 OSW
st_mag_svd_7.62x54_extended,20-round 7.62x54 SVD Magazine
st_axe,Hunting Axe
st_mag_sig550_5.56x45,Standard 5.56x45 SG550 Magazine
st_prt_w_p_spring_2,9mm Recoil Spring Assembly [Russian] (Spring)
st_af_dummy_glassbeads_name,Mama's Beads
st_prt_o_retardant_15,Activated Carbon Cloth (ACC) Fabrics
st_mag_valbas_9x39_pab9,Extended 9x39 AS VAL Magazine
ext_mag_kriss9_drum,Modified 9x19 Vector Drum Magazine
st_af_grid_name,Titanium Grid
st_detonation_time,Time of Action
st_detonation_radius,Blast Radius
st_prt_o_retardant_2,Layered Chemical/Shock Retardant Fabrics
st_data_export_stash_type_rare,Rare
st_wpn_grach,MP-443 Grach
army_nosorog_outfit_name,Military Stalker Nosorog
st_wpn_toz34,TOZ-34
stalker_bear_outfit_name,"Bear" Stalker Suit
st_gamma_recipe_basic_2,Electronics Handbook Vol. 1
ui_ammo_count,%c[0,255,255,255]Mag. Size:
trenchcoat_brown_outfit_name,Heavy Brown Overcoat
ammo-9x19-ap,9x19 mm AP rounds
st_sharpening_stones,Sharpening Stone Set
l05_bar,Rostok
st_mag_ppp_px4_9x19_fmj,Standard 17-round 9x19mm PX4 Magazine
st_prt_o_ballistic_10,Grade-A Polyethylene Plates w/ Expanded Carrier
st_af_camelbak_up_name,Improved Camelbak
ammo-7.62x51_ap,7.62x51 mm NATO AP rounds
st_barrel_4,7.62mm Barrel [V] (Barrel)
st_tushonka,Beef Tushonka
mutant_fracture_hand,Fracture Hand
st_wpn_raptr,RAPTR
st_drug_antidot,Antidote
st_helm_resp,Respirator
st_knife_6x4,6h4 Bayonet
ui_inv_satiety,%c[0,255,255,255]Satiety:
st_mag_groza_9x39_pab9,20 round 9x39 Groza Magazine
st_wpn_ppsh41,PPSh-41
st_wpn_aug_a1,Steyr AUG A1
st_prt_w_p_barrel_3,.45 Barrel (Barrel)
st_prt_o_ballistic_18,Reinforced Polyethylene Fiber Layers
st_monolith_prayer_1_of_3_name,Monolith Prayer (Part 1 of 3)
ammo-338-lapua,.338 Lapua Magnum rounds
mutant_boar_chop,Boar Chop
st_wpn_scar_siber_black,FN SCAR-H "Black"
isg_lcs_urban_outfit_name,UNISG LC-UC Suit
st_wpn_ak74_isg,Rifle Dynamics RD-74N ISG Tactical
st_trigger_components_2,Double-mode Hammer Type Trigger (Trigger)
st_prt_o_support_1,Exoskeleton Frame
ui_inv_wrange,%c[pda_white]Max Range:
st_af_lighthouse_name,Beacon
st_mag_mp7_9x19_fmj,Modified 9x19 MP7 Magazine
st_mag_p220_9x19_u2p2bas,Standard 9x19 P220 Custom Nine Magazine
st_wpn_rpk74_16,RPK-16 LMG
st_antirad_kalium,Potassium Iodide
st_bolt_11,Supercharger with Hammer from a Double-barrel Shotgun [R] (Bolt)
ammo-7.62x39_ap,7.62x39 mm M43 rounds
st_bolt_7,Rotating Locking Head [4 Locks] [AS] (Bolt)
specops_merc_outfit_name,Mercenary B-5M Armored Suit
st_wpn_dvl10,DVL-10 M2 Urbana
st_mag_ppp_signimble_9x19_fmj,9x19mm SIG P320 Magazine
st_wpn_sig220_n_u2p2g0r,SIG P220 "Stalker"
st_mag_overlylarge_75_762x39_drum,AK 7.62x39 75-round drum magazine
st_rebirth,Axyltallisal "The Rebirth"
specops_dolg_outfit_name,PS5-B Battle Armor
st_af_tlf_lost_soul,Lost Soul
st_bolt_5,Rotating Locking Head [3 Locks] [V] (Bolt)
st_af_sun_name,Sun
st_helm_hardhat,Surplus Steel Helmet
specops_outfit_name,Berill-5M Armored Suit
st_wpn_ak74u_isg,Rifle Dynamics RD-74U ISG
st_wpn_ump45_custom,UMP45
#2,#2
st_tea,Beard's Tea
exo_outfit_name,Exoskeleton
st_mag_m1a1_11.43x23_fmj,.45 ACP M1A1 Stick Magazine
st_cigar3,Camel Yellow cigarettes
st_ppp_sw_919_fmj,Standard 9x19mm S&W Magazine
st_wpn_ks23_kaban,KS-23M Drozd
st_welding_goggles,Welding Goggles
st_mag_etoz106_20x70_fmj,Extended 20x70 TOZ 106 Magazine
st_e_syringe,Syringe
st_prt_w_p_trigger_3,Double-action (DA/SA) Trigger Mechanism (Trigger)
st_prt_o_ballistic_6,Kevlar AP Plates w/ Reinforced Titanium Composite
bandit_novice_alt_outfit_name,Armored Leather Jacket
st_ied_rpg,IED (OG-7V Warhead)
dolg,Duty
st_mag_usas12_12x70,Standard 12x70 USAS-12 Drum
st_upgr_o_magical,Suit Environmental Protection Upgrade Kit
st_meat_flesh,Flesh Bacon
st_drug_anabiotic,Anabiotics
st_af_medusa_name,Jellyfish
st_mag_fn57_5.7x28_ss190,Standard 5.7x28 Five-seveN Magazine
greh_armored_outfit_name,Irij Flak Armor
ghillie_outfit_name,Ghillie Suit
st_wpn_ak103,AK-103
st_gas_tube_10,Ejector from Over-under Double-barrel Shotgun [R] (Gas Tube)
st_ground_coffee,Ground Coffee
military_monolit_outfit_name,Monolith Skat-9 Armored Suit
st_wpn_pp2000_oper,PP-2000 "Operator"
st_mag_basvintorez_9x39_pab9,Extended 9x39 VSS Magazine
st_data_export_jump_height,Jump height
st_mag_tt33_7.62x25_p,Standard 7.62x25 TT-33 Magazine
st_mag_baskiparis_9x18_20,Small 9x18 Kiparis Magazine
st_wpn_groza_guns_nimble,OTs-14 Groza "Storm"
st_salmon,Smoked Salmon
st_itm_sleepbag_name,Sleeping Bag (Full)
st_equ_milpack_name,Combat Backpack
st_mag_etoz106_20x70_zhekan_fmj,Extended 20x70 TOZ 106 Magazine
mag_raptr,RAPTR Drum Magazine
st_data_export_stash_map,Map
st_itm_mapkit_5,Anomaly Map (Truck Cemetery)
st_data_export_post_heal_head,Post-Heal Head
st_compression_bag,Sleeping Bag (Empty)
st_wpn_guns_groza,OC-14 Groza
st_detector2,Bear Detector
st_bolt_carrier_10,Sliding Bolt Carrier with Turning Bolt Lock [NATO] (Carrier)
st_mag_bizon_7.62x25_p,Modified 7.62x25 PP-19 Magazine
l06_rostok,Wild Territory
st_ui_number_of_uses,Uses
st_wpn_walther_p99_mod9,Walther P99 Custom
st_wpn_usp,USP45
st_mag_ak103_fast_7.62x39,Fast-loading 7.62x39 AK-103 Magazine
st_af_skull_miser_name,Miser's Skull
renegademerc_outfit_name,Renegade LC Suit
light_isg_outfit_name,UNISG IBAz Suit
st_barrel_1,18.5mm Barrel [R] (Barrel)
exo_dolg_wood_outfit_name,PSZ-10l Forest Battlesuit
st_gamma_recipe_advanced_1,Survival Guide Vol. 2
ui_inv_outfit_fire_wound_protection,%c[0,255,255,255]Ballistic Res:
svoboda_heavy_outfit_name,Guardian of Freedom
st_wpn_remington870,Remington 870
ui_mcm_menu_exo,Powered Exos
renegade,Renegade
st_grenade_rgd5,RGD-5 Grenade
st_gas_tube_9,Ejector from Over-under Double-barrel Shotgun [R] (Gas Tube)
st_wpn_ak74m_camo,AK-74M
st_prt_o_retardant_20,Insulating Fiberglass "Satin Weave" Fabrics
st_knife_combat,M9 Bayonet
st_mag_basvz61_9x18_60,Extended 9x18 VZ. 61 Magazine
st_data_export_can_be_cooked,Can be cooked
st_wpn_mk14,Mk 14 EBR
st_af_vaselisk_name,Basilisk
st_wpn_sv98_custom,SV98
st_af_chelust_name,Chain
st_swiss,Swiss Knife
st_wpn_akms,AKMS
st_wpn_bm16_full,TOZ-66
st_cuban_cigar,Cuban Cigar
st_mag_dvl_338,Standard .338 Federal DVL10 Magazine
isg_exolight_outfit_name,UNISG Exosuit
st_af_aam_name,Artefact Application Module (Empty)
st_wpn_fn2000e_nimble,FN F2000 "Competitor"
isg_lcs_camo_outfit_name,UNISG LC-C Suit
st_mag_m82_12.7x55,10-round 12.7x55 M82 Magazine
nbc_dolg_outfit_name,PS5-Mt Suit
st_upgr_w_external,Weapon Body Upgrade Kit
light_monolit_outfit_name,Monolith IBAz Assault Suit
st_gas_tube_1,Gas Tube [K] (Gas Tube)
st_wpn_colt1911,Colt M1911
st_hand_watch,Wrist Watch
greh_ps5_outfit_name,Volos Flak Armor
nomad_outfit_name,"Nomad" Stalker Suit
mutant_dog_tail,Dog Tail
st_wpn_saiga12s_isg,KS-12
st_prt_w_p_barrel_4,5.7mm Barrel (Barrel)
st_mag_basvz61_9x19_30,Standard 9x19 VZ. 61 Magazine
l01_escape,Cordon
st_wpn_fal_aus,SA-58 AUS
ammo-og-7b,OG-7V warhead
st_helm_exo_name,ExoHelmet
st_mag_stanag_7.62x51_ext,Extended 7.62x51 STANAG Magazine
helm_ach7ex,ACH-7EX Headgear Set
st_bolt_16,Drummer with Mainspring [PP] [NATO] (Bolt)
st_mag_pp2000_9x19_fmj,Standard 9x19 PP-2000 Magazine
st_af_gimlet_name,Gimlet
st_wpn_sr1m_sr1upgr1,Serdyukov SR1M Gyurza Custom
nbc_freedom_outfit_name,Keeper of Freedom
mutant_controller_hand,Controller Hand
st_prt_o_retardant_16,Active Charcoal-treated Non-woven Fabrics
st_wpn_aug_9mm,Steyr AUG A3 9mm
st_prt_o_fabrics_4,Mil-Spec Textiles
ecolog_exo_outfit_name,Scientific Exoskeleton
st_prt_w_p_trigger_4,"MP412" Double-action Trigger Mechanism (Trigger)
st_cooking,Field Cooking Kit
st_mag_type63_7.62x54,Modified 7.62x54 Type 63 Magazine
st_wpn_ak74m_alt,AK-74M
ammo-5.45x39-fmj,5.45x39 mm FMJ rounds
st_wpn_beretta_px4,Beretta Px4 Storm
st_wpn_ak105_shakal,AK-105 "Shakal"
BR5,BR5
helm_ach7,ACH-7 Headgear Set
st_mag_ppp_svi_45,Standard 15-round Strayer-Voight Magazine
st_cigar2,Cigarettes (Soviet)
st_wpn_fnx45,FNX-45
st_mag_rpd_7.62x39,Standard 7.62x39 RPD Drum
st_recipe_drug_2,Drug Recipe #2
st_mag_ak_7.62x39,Standard 7.62x39 AKM Magazine
st_chocolate_p,Chocolate (Half-consumed)
st_prt_o_ballistic_11,Kevlar K119 Plates
st_prt_o_retardant_18,Insulating Constantan Inserts w/ Fiberglass Coating
st_mag_1921_11.43x23_fmj,.45 ACP 1921 Drum Magazine
st_wpn_mp9,Brugger & Thomet MP9
st_af_sandstone_name,Sandstone
st_mag_usptac_9x19_fmjext,Extended 9x19 USP Magazine
st_bolt_6,Rotating Locking Head [2 Locks] [�] (Bolt)
st_mag_walther_9x19_fmj,Standard 9x19 Walther P99 Magazine
st_mag_saiga12s_12x70,Standard 12x70 Saiga-12S Magazine
ui_inv_outfit_shock_protection,%c[0,255,255,255]Electrical Res:
st_wpn_ak74u_m1_isg,Rifle Dynamics Draco ISG
st_wpn_mp155,MP-155
ui_inv_accuracy,%c[0,255,255,255]Accuracy:
st_wpn_ithacam37_stakeout,Ithaca M37 Stakeout
st_trg_sako,Sako TRG-42
st_mag_type63_7.62x39,Standard 7.62x39 Type 63 Magazine
st_cocaine,Cocaine
st_prt_o_ballistic_19,Carbon-fiber Layers
mutant_snork_leg,Snork Tendons
light_loner_outfit_name,Interceptor Body Armor
st_balon_gas,Gas Balloon
st_prt_o_ballistic_7,Kevlar K119 Plates w/ Polycarbonate Inserts
st_ecologist_outfit_grn_name,SSP-99M Bodysuit
isg_outfit_name,UNISG Mk1 Tactical Body Armor
st_af_monolith_name,Volat Emerald
st_af_kevlar_up_name,Improved Kevlar Plates and Attachments
st_beadspread,Bed Spread
BR1,BR1
st_mag_nato_5.56x45_drum,MAGPUL PMAG D-60
st_drug_psy_blockade,Psy-block
st_meat_boar,Boar Chops
st_af_tlf_prometheus,Prometheus
mutant_brain_burer,Burer Brain
ammo-7.62x54-7n1,7.62x54 mm 7N1 rounds
st_mag_sr2m_9x21_veresk,Standard 9x21 SR-2M Veresk Magazine
renegade_scientific_outfit_name,Renegade SEVA Suit
st_binocular_name,Binoculars
st_wpn_pp2000n,PP-2000
st_hide_flesh_name,Flesh Hide
ammo-12x70-buck_self,Home-made 12x70 shot shells
l03u_agr_underground,Agroprom Underground
st_barrel_9,5.56mm Barrel [�] (Barrel)
monolith_nbc_outfit_name,Tactical Monolith Suit
st_af_gold_fish_name,Goldfish
MDR_black,Desert Tech MDR 7.62x51
mutant_dog_liver,Dog Liver
st_detector1,Echo Detector
ammo-50-bmg,.50 BMG rounds
st_prt_o_retardant_4,Grade-A RPVC Vinyl Fabrics
st_wpn_g36nimble_rwap,G36C "Merc"
st_wpn_l85_modern,L85A1
dolg_scout_outfit_name,PS5-R Scout Vest
st_water_drink,Sparkling Water
freedom,Freedom
csky_heavy_outfit_name,CS-3b Body Armor
l09_deadcity,Dead City
st_fieldcooker,Gas Stove
st_wpn_g36new_c,G36C
st_af_plates_name,Carbon Steel Plates
st_wpn_akms_alt,AKMS
st_barrel_6,9mm Barrel-suppressor [AS/PP] (Barrel)
ui_inv_radiation,%c[0,255,255,255]Radiation:
mutant_snork_mask,Snork Mask
st_gas_tube_8,Ejector [V] (Gas Tube)
st_prt_w_p_barrel_1,9x18mm Barrel (Barrel)
l08_yantar,Yantar
st_wpn_g36new_k,G36K
st_prt_o_ballistic_20,Reinforced Carbon-fiber Layers
ui_inv_effect_time,%c[0,255,255,255]Duration:
ammo-9x19-pbp,9x19 mm HP rounds
#1,#1
st_wpn_svi,Strayer Voigt Infinity
st_wpn_desert_eagle,Desert Eagle
st_underwear,Old Underwear
st_wpn_svd_nimble,SVD "Lynx"
st_mag_aps_9x19_fmj,Modified 9x19 APS Magazine
st_wpn_ash12,ShAK-12
st_bolt_carrier_8,Choke from Double-barrel Shotgun [R] (Carrier)
ammo_9x21_sp10,9x21 mm SP10
merc_combat_scientific_outfit_name,Mercenary Pathfinder
st_wpn_mp133_bas,MP-133
cs_exo_outfit_name,CS-5 Exoskeleton
st_helm_tactic,Sphere-08 Helmet
st_mag_aug_5.56x45,Standard 5.56x45 AUG Magazine
st_mag_kiparis_9x19_fmj,Modified 9x19 Kiparis Magazine
st_wpn_usp_tac,USP Match "Overwatch"
military_outfit_name,Skat-9 Armored Suit
ui_inv_ap_res,%c[pda_white]BR Class:
merc_scout_outfit_name,Mercenary LC-S Suit
st_wpn_m4a1_camo,M4A1
st_mag_ump45_11.43x23_fmj,Standard .45 ACP UMP Magazine
st_prt_o_retardant_19,Insulating Fiberglass "Polyester" Fabrics
monolith_scientific_light_outfit_name,Monolith Patchwork Science Suit
st_breadold,Bread Loaf (Stale)
st_wpn_ak74u_snag,AK-74UNB
st_wpn_aps,APS Stechkin
st_data_export_weapon_kind_rifle,Rifle
st_mag_nato_5.45x39,Modified 5.45x39 STANAG Magazine
labx8,Laboratory X8 (Outskirts)
st_itm_ammokit,Gunsmithing Tools
st_wpn_sig550_camos,SIG SG 550
st_bolt_17,Drummer with Mainspring [PP] [PPSh] (Bolt)
st_data_export_first_aid_head,First-Aid head
army,Military
mutant_chimera_meat,Chimera Meat
st_barrel_12,7.62mm Barrel [PP] (Barrel)
st_wpn_ak74u,AKS-74UN
st_prt_o_retardant_17,Insulating Constantan Inserts
st_rank_master,Master
st_wpn_pkp_siber,PKP Pecheneg
st_mag_hinge_ext_7.62x51,Extended 7.62x51 Magazine
st_wpn_aks74_new,AKS-74
st_mag_g36_5.56x45,Standard 5.56x45 G36 Magazine
st_prt_i_transistors,Box of Transistors
st_antibio_sulfad,Sulfadimethoxine
st_wpn_ak12_custom,AK-12 "Monolith"
st_mag_pm_9x19_fmj,Modified 9x19 PM Magazine
st_cigarettes_lucky,Cigarettes (Lucky Strike)
redline_novice_outfit_name,Redline Leather Jacket
st_af_lobster_eyes_name,Lobster Eyes
st_antibio_chlor,Chlortetracycline
st_mag_rpk74_5.45x39,Standard 5.45x39 RPK-74 Magazine
st_wpn_vintorez_n1,VSS Vintorez
st_prt_o_ballistic_8,Kevlar K119 Plates w/ Carbon-fiber Inserts
st_wpn_akm_alfa,AK Alfa
st_wpn_streetsweeper,Armsel Protecta
st_mag_k98_7.92x33,Standard 7.92x33 Kar 98 Magazine
light_voen_outfit_name,Military Stalker IBAz Suit
dolg_outfit_name,PS5-M Universal Protection Suit
stalker_graphite_outfit_name,"Graphite" Stalker Suit
st_prt_w_p_spring_5,7.62mm Recoil Spring Assembly (Spring)
st_af_glass_name,Firefly
st_wpn_ak74m,AK-74M
st_data_export_exchange_reward,What you get in exchange >
st_wpn_ak101_camo,AK-101
st_itm_drugkit,Drug-making Kit
st_mag_pl15_9x19_fmj,Standard 9x19 PL15 Magazine
st_wpn_fn2000,FN F2000
stalker,Free Stalkers
st_rank_experienced,Experienced
st_coffee_drink,UCC Cold Brew Coffee
st_equ_smilpack_name,Travel Backpack
st_wpn_oc33,OTs-33 Pernach
st_flashlight_broken,Broken Flashlight
isg_scientific_outfit_name,UNISG SEVA Suit
st_wpn_hs2000,HS2000
light_dolg_outfit_name,IBAz Universal Protection Suit
bandit_scientific_dark_outfit_name,Patchwork Anomaly Suit
st_data_export_has_perk,Has perk
st_wpn_sig220_n,SIG P220
st_mag_ak101_5.56x45,Standard 5.56x45 AK-101 Magazine
ui_inv_outfit_telepatic_protection,%c[0,255,255,255]Psychic Res:
st_wpn_vihrn,SR-3M Vikhr
st_data_export_weapon_degradation,W. Degradation
st_wpn_svd_custom,SVD
st_data_fragment_damage,Fragment damage
st_wpn_pkp,PKP Pecheneg
ui_ammo_types,Ammo:
ui_inv_reli,%c[pda_white]Reliability:
st_porn2,Atmosfear Magazine
ui_inv_handling,%c[0,255,255,255]Handling:
dolg_heavy_proto_exo_outfit_name,PSZ-9d Exoskeleton
st_data_export_single_handed,Single-handed
st_akvatab,Ibuprofen
st_morphine,Morphine Ampoule
st_af_surge_name,Surge Suppressor
st_letter_military_stalker_name,Military Stalker's Note
st_wpn_xm8,XM8
st_wpn_walther_custom,Walther P99
st_mag_baskiparis_9x19_40,Standard 9x19 Kiparis Magazine
st_wpn_walther,Walther P99
st_wpn_wa2000,Walther WA 2000
k00_marsh,Great Swamps
st_mag_l96a1_pkm,Modified 10-round 7.62x54 L96A1 Magazine
st_wpn_vz61_camo,Skorpion vz.68
st_wpn_vz61_alt,Skorpion vz.68
st_wpn_aks74,AKS-74
monolith_exo_outfit_name,Monolith Exoskeleton
ammo_23_eco,Ecolog-23 cartridge
monolith_trenchcoat_outfit_name,Monolith Overcoat
st_wpn_streetsweeper_aim,Armsel Protecta
st_antiemetic,Etperazine
st_wpn_vsk94,VSK-94
st_wpn_vintorez_nimble,VSS Vintorez "Tide"
st_wpn_vintorez_m2,VSS Vintorez "Venal"
st_wpn_vintorez_m1,VSS Vintorez "Savant"
st_mag_gsh18_9x19_fmj,Standard 9x19 Gsh-18 Magazine
st_wpn_glock_modern,Glock 19 "Hornet"
st_mag_vz61_9x18_fmj,Modified 9x18 vz.61 Magazine
st_wpn_vintorez_alt,VSS Vintorez
st_wpn_vintorez,VSS Vintorez
ui_st_community,Faction
st_wpn_val_tac,AS Val
st_wpn_vepr12,Vepr-12
st_wpn_val_modern,AS Val
monolith_nosorog_outfit_name,Monolith Nosorog
ammo-12.7x55-fmj,12.7x55mm STs-130 rounds
st_bolt_3,Rotating Locking Head [2 Locks] [K] (Bolt)
st_mag_wp99_9x19_fmj,Standard 9x19 Walther P99 Magazine
st_hide_boar_name,Boar Pelt
st_device_torch_nv_3_name,Headlamp w/ Oracle Psi-stimulator
st_wpn_usp_custom,USP45
st_data_export_light_attack_power,Light Attack Power
st_mag_vepr_12x70,Standard 12x70 Vepr-12 Magazine
st_wpn_mp5_nimble,MP5A3 "Frasier"
st_data_export_restore_radiation,Radiation restoration
specops_bandit_outfit_name,Deserter's B-5M Armored Suit
st_wpn_tt33,TT-33
st_data_export_weapon_kind_shotgun,Shotgun
svoboda_exo_outfit_name,Paragon of Freedom
st_wpn_toz34_mark4,TOZ-34 "Bison"
mutant_dog_meat,Dog Meat
st_wpn_toz34_decor,TOZ-34
st_wpn_toz34_custom,TOZ-34
st_wpn_svu_nimble,OTs-03A SVU-A
st_detector9,RF Receiver
st_wpn_svt40_modern,SVT-40
cs_scientific_outfit_name,CS-4a SEVA Suit
st_wpn_svt40,SVT-40
st_ration_ukr,Ukrainian Combat Ration
st_wpn_svd,SVD
st_prt_o_retardant_12,Aluminized Fiberglass Fabrics
st_wpn_sr2_veresk_sr2_upkit,SR-2M Veresk "Tactical"
st_bolty,Bolt
exo_dolg_outfit_name,PSZ-10d Duty Battlesuit
st_wpn_sks_tac,SKS Tactical
st_mag_colt1911_11.43x23_fmj,Standard .45 ACP Colt 1911 Magazine
ammo-11.43x23-fmj,.45 ACP FMJ rounds
mutant_zombi_hand,Zombie Hand
st_wpn_sks_modern,SKS
st_wpn_fort500,Fort-500
st_mag_rpk_7.62x39,Standard 7.62x39 RPK Magazine
exo_merc_wood_outfit_name,Mercenary Woodland Exosuit
lttz_ll_wpn_gauss_quest_name,"Item �62"
st_addon_scope_e0t2_mag,Eotech XPS3 w/ Eotech 3x Magnifier
st_beer,Beer
st_mag_ppp_signimble_45_fmj,.45 SIG P320 Magazine
st_wpn_sig550_sniper,SIG SG 550-1 Sniper
st_itm_mapkit_9,Anomaly Map (Agroprom)
st_ecologist_outfit_yello_name,SSP-99 Topaz
merc_outfit_name,Mercenary LC Suit
st_wpn_akm_bas,AKM
st_wpn_sig220,SIG P220
st_wpn_pm_bas_custom,Makarov PM Custom
l08u_brainlab,Laboratory X16 (Yantar)
st_wpn_scar_siber_m1_black,FN SCAR-H "Tactical Black"
st_wpn_m60,M60
st_wpn_scar_siber_m1,FN SCAR-H "Tactical"
st_wpn_fnp45,FNP-45
st_gamma_recipe_basic_3,Fundamentals of Guns and Armors Upgrades Vol. 1
st_wpn_ak5c_bas_5c_tik,AK 5C "ISG Special"
st_af_ear_name,Heart
stalker_predator_outfit_name,"Predator" Stalker Suit
st_barrel_3,18.5mm Barrel [K] (Barrel)
st_wpn_scar_new,FN SCAR-H
st_gamma_recipe_expert_4,The Art of Artefacts Fusion Vol. 3
st_gas_tube_7,Gas Tube [P] (Gas Tube)
st_af_medallion_name,Medal
st_helm_rp_bala,Balaclava
ui_inv_outfit_radiation_protection,%c[0,255,255,255]Radiation Res:
st_wpn_dvl10_m1,DVL-10 M1 Saboteur
st_wpn_scar_siber,FN SCAR-H
st_wpn_rpk74,RPK-74
st_mag_kiparis_9x18_fmj,Standard 9x18 Kiparis Magazine
isg_proto_exo_outfit_name,UNISG Tactical Exoskeleton
trenchcoat_freedom_brown_outfit_name,Heavy Freedom Overcoat
st_rank_expert,Expert
st_wpn_remington700_mod_x_gen3,Remington 700 "MOD X Gen.3"
st_mag_basvz61_9x19_60,Extended 9x19 VZ. 61 Magazine
st_data_export_heavy_attack_power,Heavy Attack Power
st_cutlery,Field Cutlery
ui_inv_outfit_speed,%c[pda_white]Movespeed:
st_tarpaulin,Tarpaulin
st_drug_coagulant,Vinca
st_sewing_kit_h,Sewing Kit (Heavy)
mutant_krovosos_meat,Bloodsucker Meat
st_wpn_pmm,Makarov PMM
st_data_export_restore_health_max,Total health restoration
nbc_merc_outfit_name,Load-bearing 'Twilight' Tactical Suit
st_wpn_scar_siber_m2_custom,FN SCAR-H "Specialist Operator"
ammo-m209,M203 grenade
monolith,Monolith
st_wpn_pm_bas_actor,Makarov PM "Mythic"
st_wpn_pm_bas,Makarov PM
st_wpn_tt33_modern,TT-33
st_equ_smallpack_name,Camping Backpack
st_wpn_pm,Makarov PM
st_wpn_ithacam37_extmag,Ithaca M37 Defense
st_wpn_pkm_zulus,PKM "Zulu"
st_wpn_pkm_zenit_siber,PKM "Zenit"
st_wpn_fn2000_custom,FN F2000
st_data_export_pelts_quality_max,Maximum pelts quality
pripyat,Outskirts
st_prt_o_retardant_10,Polymer Sheets (Barium-sulfate Coating)
st_mre,MRE
st_af_ah_r3,Mushroom
st_data_export_pelts_quality_min,Minimum pelts quality
st_data_export_cuts_thick_skin,Cuts thick skin
BR,BR
ammo-12x76-zhekan,12x76 slug shells
st_wpn_remington700_archangel,Remington 700 "Archangel"
st_hide_lurker_name,Lurker Hide
st_prt_w_p_barrel_2,9x19mm Barrel (Barrel)
st_wpn_ak74_pmc,AK-74 "PMC"
st_wpn_usas12,USAS-12
st_wpn_rp,PKM
ecolog_proto_exo_outfit_name,SSP-99M Exoskeleton
st_af_star_phantom_name,Phantom Star
st_wpn_pb_custom,PB
ammo-9x18-fmj,9x18 mm FMJ rounds
st_wpn_mp5sd_new,MP5SD6
st_trigger_components_5,Double-fire Mode Trigger Mechanism with Firing Pin (Trigger)
st_wpn_mp5sd_custom,MP5SD6
st_wpn_mp5_custom,MP5A3
st_gamma_recipe_advanced_3,Fundamentals of Guns and Armors Upgrades Vol. 2
st_wpn_sig220_n_upg220,SIG P220 "XXX"
st_wpn_mp153_m1,MP-153 "Carabineer"
st_ecologist_outfit_blue_name,SSP-99M "Sapphire"
st_wpn_mp153_bas,MP-153
st_cigar1,Cigarettes (Soviet)
bandit_novice_outfit_name,Black Leather Jacket
st_wpn_ak101,AK-101
ammo-5.7x28-ss195,5.7x28 mm SS195 rounds
st_wpn_mossberg590a1,Mossberg 590A1
st_wpn_m82,Barrett M82
st_wpn_m79,M79
zaton,Zaton
st_wpn_m4a1_freedom,M4A1
ammo_20x70_buck,20x70 buckshot round
st_wpn_m4a1,M4A1
st_wpn_m4_butcher,M4A1 "Butcher"
st_wpn_m4,M4
st_data_export_disassemble_result,Result
st_wpn_hpsa_alt,Browning Hi-Power
st_wpn_m24,M24 SWS
mutant_part_controller_brain_tissue,Controller Brain Tissue
st_wpn_aks,AKS-47
st_af_night_star_name,Nightstar
st_wpn_thompson_m1a1,Thompson M1A1
st_wpn_m16a2,M16A2
st_mag_galil_7.62x51,Standard 7.62x51 Galil Magazine
l10u_bunker,Laboratory X19 (Radar)
st_wpn_m16,M16A4
ammo_338_federal,.338 Federal
gamma_chemical_burn_cap,Chemical Cap
st_mag_g43_7.92x33,Standard 7.92x57 G43 Magazine
st_stim_impro,Improvised Stimpack
st_wpn_lr300_custom,LR-300ML
st_wpn_lr300_camo,LR-300ML
st_wpn_lr300,LR-300ML
st_mag_overlylarge_50_762x51_drum,SA58 7.62x51 50-round drum magazine
st_wpn_l85a2_modern,L85A2
st_wpn_l85a2_custom,L85A2
ammo-5.45x39-ep,5.45x39 mm HP rounds
st_pda_name,PDA
st_wpn_l85a2,L85A2
st_mag_hinge_7.62x51,Standard 7.62x51 Magazine
st_mag_vityaz_9x19_fmj,Standard 9x19 Vityaz-SN Magazine
st_wpn_fnc,FN FNC
st_wpn_l85_m1,L85A2
st_ppp_colt1911_762x25_fmj,Modified 7.62x25mm Colt Magazine
isg,UNISG
st_wpn_spas12_new,SPAS-12
st_af_fire_loop_name,Knot
st_meat_dog,Dog Chops
st_mag_sig226_9x19_fmjext,Extended 9x19 SigP226 Magazine
st_prt_o_ballistic_9,Grade-B Polyethylene Plates w/ Expanded Carrier
st_af_vyvert_name,Wrenched
st_wpn_l85_alt,L85A1
st_af_sponge_name,Sponge
st_powder_poltergeist,'Diamond Powder'
st_itm_tent_name,Camping Tent (Full)
helm_m50,M50z Gas Mask
st_wpn_ks23_kaban_kab_up,KS-23M Drozd "Boar"
st_detector4,Svarog Detector
mutant_lurker_meat,Lurker Meat
st_wpn_korth,Korth Custom 4
ammo_23x75_shrapnel,"Shrapnel-25" 23x75mm
st_guitar_name,Guitar
l04u_labx18,Laboratory X18 (Dark Valley)
mutant_cat_thyroid,Cat Thyroid
st_wpn_hk417,HK417
st_wpn_hk416,HK416
st_wpn_gsh18_custom,Gsh-18
st_monolith_prayer_2_of_3_name,Monolith Prayer (Part 2 of 3)
st_cigarettes_russian,Cigarettes (Russian)
st_nuts,Mixed Nuts
BR4,BR4
st_wpn_glock17,Glock 17
st_wpn_sks,SKS
st_af_freon_name,Freon Emission Module
st_prt_w_p_spring_6,Recoil Spring Assembly (R1 DE 6") (Spring)
st_wpn_galil_modern,Galil AR
merc_exolight_outfit_name,Mercenary Exosuit
st_wpn_galil,Galil AR
st_wpn_g43,Gewehr 43
st_wpn_g3sg1,G3SG1
st_wpn_g36new_nimble,G36 "FEAR"
st_wpn_toz106,TOZ-106
bandit_nbc_outfit_name,Load-bearing 'Sunset' Tactical Suit
st_wpn_fort21,Fort-21
wastelander_outfit_name,"Wastelander" Stalker Suit
st_wpn_fnx45_alt,FNX-45
st_wpn_fnp45_custom,FNP-45
st_wpn_fn2000_camo,FN F2000
st_wpn_famas3,FAMAS F1
csky,Clear Sky
st_af_ice_name,Snowflake
MDR,Desert Tech MDR 5.56x45
st_prt_o_retardant_6,PVC/Carbon-fiber Fabrics
st_mag_ace21_5.56x45,Standard 5.56x45 Galil ACE-21 Magazine
st_data_export_weapon_kind_explosive,Explosive
freedom_exo_vineleaf_outfit_name,Hero of Freedom
st_wpn_cz75,CZ-75
st_mag_dvl_7.62x51,Standard 7.62x51 DVL10 Magazine
greh,Sin
st_wpn_saiga12s,Saiga-12
st_af_elektron_name,Electron
mutant_snork_hand,Snork Hand
st_wpn_colt1911_merc,Colt M1911 "Orion"
st_bread,Bread Loaf
st_wpn_colt1911_new,Colt M1911
merc_exo_outfit_name,Mercenary Exoskeleton
st_prt_o_ballistic_13,Polyethylene Lightweight Armor Plates
st_wpn_colt1911_alt,Colt M1911
st_wpn_bm16_full_alt,TOZ-66
st_wpn_bm16_alt,TOZ-66 (Sawn-off)
ammo-12x76-dart,12x76 AP slugs
st_mag_hpsa_9x19_fmj,Standard 9x19 Browning Hi-Power Magazine
st_wpn_aug_a2,Steyr AUG A2
st_af_generator_name,Generator
st_wpn_udp9,UDP-9 Carbine
st_wpn_aug_a3_custom_bas,Steyr AUG A3 Commando
st_mag_vepr_compact_12x70,Compact 12x70 Vepr-12 Magazine
st_wpn_aug_a3_bas,Steyr AUG A3
bandit_ps5_outfit_name,Fenced PS5-M Universal Protection Suit
st_mag_sksext_7.62x39,Extended 7.62x39 SKS Magazine
st_wpn_abakan,AN-94
st_ecologist_outfit_white_name,SSP-99 "Diamond"
st_raisins,Raisins
st_medkit_army,Army Medkit
st_wpn_aug_a1_bas,Steyr AUG A1
st_mag_overlylarge_95_556_drum,RPK-16 5.56x45 95-round drum magazine
st_wpn_aps_bas_apsabigo,APS Stechkin
st_af_gravi_name,Gravi
st_mag_p90_5.7x28_ss190,Standard 5.7x28 P90 Magazine
ammo-7.92x33_fmj,7.92x57 mm FMJ rounds
st_wpn_aps_bas,APS Stechkin
st_af_moh_name,Moss
st_mag_rpk74_5.56x45,Modified 5.56x45 RPK-74 Magazine
st_wpn_ace21,Galil ACE-21
st_wpn_howa20,Howa Type 20
st_wpn_am17,AM-17
dolg_nosorog_outfit_name,PSZ-10d Nosorog
st_wpn_akms_bas,AKMS
st_wpn_sig220_custom,SIG P220
st_brewed_coffee,Brewed Coffee
st_wpn_akm,AKM
dolg_red_outfit_name,PS5-M Hunter Suit
st_bolt_carrier_11,Longitudinal-a Sliding Free Bolt Carrier [PP] (Carrier)
st_prt_w_p_barrel_7,.357 Barrel (Barrel)
l12_stancia_2,Chernobyl NPP (North)
st_wpn_ak74u_custom,AKS-74UN
st_wpn_ak5c_bas,AK 5C
st_prt_i_textolite,Textolite Base
st_wpn_ak74u_camo,AKS-74UN
st_wpn_ak74m_n,AK-74M
~,~
st_wpn_ak74m_custom,AK-74M
st_radio2,Radio (Broken)
st_wpn_ak74_old,AK-74
st_tomahawk,Gerber Tomahawk
gamma_burn_cap,Burn Cap
st_mag_galil_7.62x54_7h1,Modified 7.62x54 Galil Magazine
st_porn,Terroraiser Magazine
st_knifebf4,OTs-4 Combat Knife
st_knife_hunting,Hunting Knife
st_af_serofim_name,Seraphim
st_itm_mapkit_2,Anomaly Map (Yantar)
st_wpn_steyr_scout,Steyr Scout 5.56
st_mag_mp443_9x19_fmj,Standard 9x19 MP-443 Magazine
st_prt_i_copper,Copper Wire
st_wpn_korth_custom,Korth Custom 6
st_wpn_sv98,SV98
st_exolight_repair_kit,Armor Repair Kit (Heavy Armor)
st_wpn_ak74u_tac,AKS-74U "Tactician"
exo_dolg_red_outfit_name,PSZ-10d Venator Battlesuit
st_metalcan_powder,Powder Can
st_mag_steyr_556,5.56x45 Steyr Scout Magazine
st_wpn_ak74_n,AK-74
st_wpn_ak74_modern,AK-74N
st_wpn_ak74_custom,AK-74N
st_wpn_ak74_alt,AK-74N
st_trigger_components_6,Trigger Mechanism with Hammer [R] (Trigger)
st_data_export_first_aid_arm,First-Aid arm
st_wpn_ak5c_isg,AK 5C "ISG"
st_wpn_ak12,AK-12
novice_outfit_tourist_name,Tourist�s Jacket
st_mag_sr1m_9x21ext,Extended 9x21 SR1M Magazine
stalker_salamander_outfit_name,"Salamander" Stalker Suit
st_mag_sv98_7.62x54,Standard 7.62x54 SV98 Magazine
st_mag_svd_5.56_extended,Extended 5.56x45 SVD Magazine
st_wpn_ak104,AK-104
st_prt_o_fabrics_3,Durable Textiles
exo_wood_outfit_name,Woodland Exosuit
st_wpn_ak103_camo,AK-103
st_wpn_ak,AK-47
st_wpn_abakan_camo,AN-94
st_meat_psysucker,Psysucker Goulash
st_af_ah_h1,Sponge
st_wpn_bm16,TOZ-66 (Sawn-off)
st_wpn_ak105_swamp,AK-105 "Swamp Thing"
zombied,Zombified
st_wpn_fort12,Fort-12
st_af_signet_name,Signet
mutant_flesh_eye,Flesh Eye
st_wpn_rpg7,RPG-7
st_data_export_weapon_kind_unknown,Unknown
st_wpn_eft_rsh12,RSH-12 Revolver
st_helm_metro,"Apocalypse" Helmet
st_ppp_xd9_9x19_fmj,Standard 9x19 XD9 Magazine
st_mag_nato_5.56x45_casket,60-round 5.56x45 STANAG Magazine
st_gas_tube_6,Gas Tube [A|V] [NATO] (Gas Tube)
st_wpn_mp5_alt,MP5A3
st_prt_i_capacitors,Pack of Capacitors
st_monolithian_thoughts_name,Monolithian's Journal
ammo-7.62x54_7n14,7.62x54 mm 7N14 rounds
st_mag_ppp_px4_45,Standard 10-round .45 PX4 Magazine
st_rank_rg6,RG6 squad
st_ecologist_report_3_of_3_name,Walking Dead Findings Field Report 39B rev. 2 (part 3 of 3)
st_data_export_weapon_kind_pistol,Pistol
st_rank_veteran,Veteran
st_data_export_weapon_kind_smg,SMG
st_af_baloon_name,Bubble
st_wpn_toz34_obrez_decor,TOZ-34 (Sawn-off)
st_wpn_abakan_n,AN-94
st_data_export_restore_bleeding_max,Total wound healing
isg_exo_outfit_name,UNISG Exoskeleton
st_mag_ak74_5.45x39,Standard 5.45x39 AK-74 Magazine
st_rank_legend,Legend
st_wpn_walther_p99,Walther P99
st_wpn_glock17_m1,Glock 17 "Bruder"
st_rank_any,Any
st_prt_o_retardant_11,Aluminized Layers of Retardant Fabrics
st_radio,Broken Radio
st_rank_professional,Professional
st_mag_trg_magnum_300,Standard .338 LM Magazine
st_af_oasis_heart_name,Heart of the Oasis
st_rank_trainee,Trainee
st_mag_svd_7.62x54,Standard 7.62x54 SVD Magazine
st_ui_dbg_spawn_type,Item Type
st_data_export_disassemble_item,Item
st_wpn_m4_ru556,Ruger SR-556
st_mag_stanag_7.62x51,Standard 7.62x51 STANAG Magazine
st_synthrope,Synthetic Ropes
st_wpn_remington700_magpul_pro,Remington 700 "Magpul PRO"
monolith_exolight_outfit_name,Monolith Exosuit
st_wpn_pmm_bas,Makarov PMM
st_addon_scope_razor,Razor AMG UH-1 Gen. II
st_addon_scope_razor_mag,UH-1 w/ Eotech 6x Magnifier
dolg_specops_red_outfit_name,PS5-B2 Veteran Battlesuit
l10_radar,Radar
st_shovel_old,Old Metal Shovel
ui_inv_rate_of_fire,%c[0,255,255,255]Fire Rate:
st_gamma_recipe_expert_3,Fundamentals of Guns and Armors Upgrades Vol. 3
st_gamma_recipe_expert_2,Electronics Handbook Vol. 3
st_ppp_glock_45_fmj,Standard .45 Glock 21 Magazine
st_drug_radioprotector,Radioprotectant
st_itm_mapkit_3,Anomaly Map (Red Forest)
st_recipe_drug_3,Drug Recipe #3
st_af_dummy_dummy_name,Shell
st_hide_psysucker_name,Psysucker Skin
st_recipe_drug_1,Drug Recipe #1
ammo_23x75_barrikada,"Barrikada" 23x75mm
st_af_surge_up_name,Improved Surge Regenerator
st_gamma_recipe_basic_4,The Art of Artefacts Fusion Vol. 1
st_gamma_recipe_basic_1,Survival Guide Vol. 1
st_mag_ppp_1911_357_fmj,Coonan .357 Magazine
st_wpn_m4a1_siber,M4A1
hybrid_outfit_name,Hybrid Armored Suit
st_gamma_recipe_advanced_2,Electronics Handbook Vol. 2
st_upgr_w_optical,Optical Scope Upgrade Kit
st_meinkampf,Mein Kampf
st_mag_cz75_9x18_fmj,Modified 9x18 CZ-75 Magazine
st_stalker_letter_2_of_2_name,Memoir (Part 2 of 2)
st_wpn_aek971,AEK-971
st_stalker_letter_1_of_2_name,Memoir (Part 1 of 2)
st_leatherman_tool,Multitool
st_af_cristall_name,Crystal
st_monolith_prayer_3_of_3_name,Monolith Prayer (Part 3 of 3)
st_wpn_gsh18,Gsh-18
st_letter_military_log_name,Communication Log / MSRC Operation / 05.04.2014 18:36:21
st_af_geliy_name,Helium
st_memoirs_2_of_2_name,A Stalker's Journal (Part 2 of 2)
st_memoirs_1_of_2_name,A Stalker's Journal (Part 1 of 2)
st_mag_oc33_9x18_fmj,Standard 9x18 OTs-33 Pernach Magazine
st_freedom_manual_1_of_2_name,Interrogation Techniques: The Basics (Part 1 of 2)
ui_st_rank,Rank
st_mag_m98b_magnum_300,Standard .338 LM M98B Magazine
st_data_export_eat_alcohol,Alcohol
st_rank_gauss,Gauss squad
st_ecologist_report_2_of_3_name,Walking Dead Findings Field Report 39B rev. 2 (Part 2 of 3)
st_barrel_10,7.62mm Barrel [P] (Barrel)
st_grenade_smoke,Smoke Grenade
st_ecologist_report_1_of_3_name,Walking Dead Findings Field Report 39B rev. 2 (Part 1 of 3)
st_data_export_falloff,Falloff
l12u_control_monolith,Monolith Control Center
st_itm_backpack_name,Backpack
st_mag_ppp_mk23_45,.45 Mark 23 Magazine
st_sausage,Smoked Sausage
st_bolt_carrier_4,Sliding Bolt Carrier with a Locking Bias (Carrier)
bandit_exo_outfit_name,Stolen Exoskeleton
st_mag_bizon_9x19_fmj,Modified 9x19 PP-19 Magazine
st_mag_pkm_pkm,100-round 7.62x54 PKM Box
st_wpn_sig550_strelok,SIG SG 550-1 Arrow
st_itm_mapkit_7,Anomaly Map (Zaton)
st_itm_mapkit_6,Anomaly Map (Jupiter)
st_mag_fnx45_11.43x23_fmj,Standard .45 ACP FNX-45 Magazine
st_af_fireball_name,Fireball
st_medkit,AI-2 Medkit
st_itm_mapkit_1,Anomaly Map (Army Warehouses)
st_itms_campfire_name,Firewood
helm_ranger,GP-10z Ranger Gas Mask
st_gun_oil_ru,Gun Oil "Rusak"
st_wpn_ithacam37,Ithaca M37 Riot
st_glue_e,Glue Tube "M17"
st_wpn_rpk,RPK
st_glue_b,Glue Tube "Zviezda"
jupiter,Jupiter
st_glue_a,Glue Tube "Tur"
st_powder_mag,Large Rifle Propellant
st_prt_o_ballistic_2,Kevlar Protera Plates w/ Reinforced Ceramic Inserts
ammo-4.6x30-fmj,4.6x30 mm FMJ rounds
st_wpn_coonan357,Coonan .357 Magnum Compact
st_mint,Altoids
st_wpn_toz194,TOZ-194
st_grenade_f1,F1 Grenade
st_addon_scope_e0t2,EOTech XPS3-0
st_gloves,Old Leather Gloves
st_addon_scope_mag,Eotech Magnifier
st_mag_akalfa_7.62x39_bas,Standard 7.62x39 AK Alfa Magazine
st_wpn_sig552,SIG SG 552 Commando
st_wpn_usp_nimble,USP Match "Wolfhound"
st_device_torch_nv_2_name,Headlamp w/ PN21KL Night Vision
mutant_psevdodog_tail,Pseudodog Tail
merc_nighthunter_outfit_name,Mercenary STS-N Body Armor
exo_dolg_urban_outfit_name,PSZ-10g Urban Battlesuit
st_af_ah_r2,Mushroom
st_pda_2_name,PDA v2.0 KilTrak�
st_wpn_l85_custom,L85A1
st_device_flashlight,Flashlight
st_mag_sigp220_11.43x23_fmj,Standard .45 SigP220 Magazine
st_wpn_ks23_ecolog,KS-23 Eco
st_af_fire_name,Flame
st_wpn_svu_alt,OTs-03 SVU
st_af_grapes_name,Grapes
st_detector3,Veles Detector
st_detector8,Anomalous Measurement Device
st_prt_i_wood,Wooden Parts
st_af_dummy_battery_name,Battery
st_wpn_vz61,Skorpion vz.68
st_armor_repair_fa,Armor Repair Kit (Emergency)
st_af_iam_name,Improvised Application Module (Empty)
st_data_export_outfit_artefact_count_max,Maximum belt slots
military_exo_outfit_name,Military Stalker Exoskeleton
st_data_export_limb_duration,Limb duration
st_cigarettes,Cigarettes (Marlboro)
l12_stancia,Chernobyl NPP (South)
st_af_full_empty_name,Full Empty
st_mag_baskiparis_9x18_40,Standard 9x18 Kiparis Magazine
st_mag_sig226_9x19_fmj,Standard 9x19 SigP226 Magazine
y04_pole,Meadow
l11_pripyat,Pripyat
st_prt_o_ballistic_14,Polyethylene Armor Plates (Improvised)
l11_hospital,Deserted Hospital
st_prt_o_retardant_7,Insulating Magnesium Grid Inserts
csky_light_outfit_name,CS-2a Body Armor
exolight_outfit_name,Exosuit
l03_agroprom,Agroprom
st_rope,Rope
dolg_scientific_outfit_name,PS5-9Md Universal Scientific Suit
k02_trucks_cemetery,Truck Cemetery
st_joint,Cannabis Joint
st_wpn_ace52,Galil ACE-52
l10_red_forest,Red Forest
l10_limansk,Limansk
l07_military,Army Warehouses
l12u_sarcofag,Sarcophagus
st_broken_detector,Broken Detector
st_af_black_name,Black Stone
st_wpn_pkm_siber,PKM
l04_darkvalley,Dark Valley
svoboda_light_outfit_name,Wind of Freedom
st_data_export_stash_ecos,Allowed Ecos
mutant_lurker_tail,Lurker Tail
st_wpn_xm4,XM177E2
ammo-7.62x25-ps,7.62x25 mm Pst rounds
st_wpn_amb17,AMB-17
st_af_grid_up_name,Improved Titanium Grid
st_wpn_vssk,VSSK Vykhlop
st_af_electra_moonlight_name,Moonlight
st_wpn_vityaznew,PP-19-01 Vityaz
st_wpn_vintorez_isg,RD-939
st_wpn_sig226,SIG P226R
st_af_ring_name,Ring
st_prop_restore_bleeding,Wound healing
st_wpn_toz34_obrez,TOZ-34 (Sawn-off)
st_wpn_toz34_mark4_23,TOZ-34 "Chimera Hunter"
st_wpn_toz106_m1,TOZ-106
renegade_exo_outfit_name,Renegade Exoskeleton
st_wpn_svu,OTs-03 SVU
st_wpn_svds_pmc,SVDS "Retribution"
st_barrel_8,5.45mm Barrel [�] (Barrel)
st_wpn_svds,SVDS
st_wpn_svd_m1,SVD
st_wpn_steyr_scout_big,Steyr Scout 7.62
st_wpn_sr2_veresk,SR-2M Veresk
st_af_aac_name,Artefact Application Container (Empty)
st_prop_restore_health,Health restoration
st_wpn_sr1m,Serdyukov SR1M Gyurza
gamma_explosion_cap,Explosion Cap
st_mag_svt40_7.62x39,Modified 7.62x39 SVT-40 Magazine
st_mag_saiga12s_ext_12x70,Extended 12x70 Saiga-12S Magazine
merc_scientific_outfit_name,Mercenary SEVA Suit
dolg_scientific_wood_outfit_name,PS5-9Md Light Pathfinder
st_wpn_colt1911_duty,Colt M1911 "Aries"
st_mag_pl15_9x19_fmjext,Extended 9x19 PL15 Magazine
st_wpn_fn57,FN Five-seveN
st_mirror,Telescopic Mirror
st_wpn_saiga12s_m1,Saiga-12
st_batteries,Battery Pack
st_ecologist_outfit_orange_name,SSP-99 Bodysuit
st_wpn_mp5sd,MP5SD6
st_mag_usp_11.43x23_fmj,Standard .45 ACP USP Magazine
st_wpn_ithacam37_trench,Ithaca M37 Trenchgun
merc_jackal_outfit_name,Mercenary LTS-J Body Suit
dolg_heavy_redline_outfit_name,PSZ-9kl Command Armor
st_upgr_o_utility,Suit Utility Upgrade Kit
st_mag_overlylarge_95_545_drum,RPK-16 5.45x39 95-round drum magazine
st_wpn_remington700,Remington 700
st_mag_ak74_5.45x39_extended,60-round 5.45x39 AK-74 Magazine
st_prt_w_p_spring_3,.45 Recoil Spring Assembly (Spring)
st_wpn_pb,PB
st_wpn_p90,FN P90
ui_inv_outfit_power_restore,%c[0,255,255,255]Stamina Recovery:
st_wpn_ump45,UMP45
st_af_itcher_name,Itcher
st_wpn_mp412,MP-412 Rex
st_wpn_mosin_k,Mosin Nagant
st_wpn_mk47,CMMG MK47 MUTANT
st_survival_kit,Survival Kit
svoboda_novice_outfit_name,Freedom Leather Jacket
st_wpn_m4_tac,M4A1 "Protector"
st_wpn_m249,M249 SAW
mutant_chimera_claw,Chimera Claw
st_wpn_l96a1m,AWSM
st_gas_tube_5,Gas Tube [A|V] [R] (Gas Tube)
st_wpn_fal,FN FAL
st_wpn_ks23,KS-23
military_proto_exo_outfit_name,Skat-9 Exoskeleton
st_rank_blackops,Blackops squad
st_bolt_14,Rotating Locking Head [�/PP] (Bolt)
st_vodka_quality,Vodka (Stolichnaya)
st_wpn_kriss,KRISS Vector
st_steel_wool,Steel Wool
st_shovel_mili,Old Field Shovel
st_wpn_winchester1873,Winchester Model 1873
l13u_warlab,Monolith War Lab
st_data_export_power_restore_max,Total stamina recovery
st_upgr_o_physical,Suit Armor Upgrade Kit
csky_medium_outfit_name,CS-3a Body Armor
stalker_tigerstripe_outfit_name,"Tigerstripe" Stalker Suit
st_mag_pm_9x18_fmj,Standard 9x18 PM Magazine
st_stim_scientic,Scientific Stimpack
st_itm_desc_eat_thirst,%s thirstiness %s
mutant_tusk_boar,Boar Fang
st_beans,Baked Beans
st_sleepingpills,Sleeping Pills
st_bolt_carrier_7,Lever-type Bolt Carrier with Locking Wedge (Carrier)
st_prt_o_ballistic_15,Carbon Nanotube Layers w/ Kevlar-49 Fabrics
gamma_shock_cap,Electrical Cap
st_af_tapeworm_name,Tapeworm
st_marijuana,Marijuana
st_wpn_mp5,MP5A3
scientific_outfit_name,SEVA Bodysuit
st_barrel_5,7.92mm Barrel [V] (Barrel)
nil,nil
st_wpn_k98,Karabiner 98k
ammo-11.43x23-hydro,.45 ACP Hydra-shock HP rounds
st_letter_mercenary_name,Mercenary's Note
isg_merc_outfit_name,UNISG Mk2 Tactical Body Armor
st_knife_needle,NR-40 Scout Knife
st_wpn_umirotvoritel_bas,Unidentified Weapon
st_mag_mp5_11.43x23_fmj,.45 ACP "Frasier" MP5 Magazine
st_wpn_l85_m2,L85A2
st_mag_sks_7.62x54ext,Extended 7.62x54 SKS Magazine
st_af_ah_f1,Talking Stone
st_prt_o_ballistic_1,Kevlar K129 Plates w/ Reinforced Ceramic Inserts
stalker_autumn_outfit_name,"Autumn" Stalker Suit
st_prt_i_paper,Paper Sheets
st_bolt_carrier_9,Choke from Double-barrel Shotgun [R] (Carrier)
st_af_black_spray_name,Black Spray
st_itm_desc_eat_sleepiness,%s sleepiness %s
st_ppp_sw_45_fmj,Standard .45 S&W Magazine
st_af_bracelet_name,Bracelet
bandit_scientific_outfit_name,Looted SEVA Suit
st_ecologist_outfit_red_name,SSP-99� "Ruby"
greh_exo_outfit_name,Vyraj Power Armor
pda_encyclopedia_name,Name
st_walkie,Broken Walkie Talkie
st_salicidic_acid,Metamizole Ampoule
st_grenade_thermite,Thermite Grenade
ecolog,Ecologist
st_bolt_12,Hammers from a Hammer-type Double-barrel Shotgun [R] (Bolt)
st_wpn_aug_thales,Thales EF88
st_af_ah_h2,Sponge
st_data_export_projectiles,Projectiles
st_af_ah_e2,Souvenir
st_wpn_galil_custom,Galil AR
st_meat_lurker,Lurker Chops
st_prt_i_scrap,Metallic Scrap
ui_inv_outfit_burn_protection,%c[0,255,255,255]Burn Res:
ammo-5.56x45-ap,5.56x45 mm AP rounds
st_af_electra_sparkler_name,Sparkler
st_yadylin,Yadulin
st_mag_bizon_9x18_fmj,Standard 9x18 PP-19 Magazine
st_tomato,Canned Tomatoes
st_trigger_components_3,Triple-fire Hammer Type Trigger (Trigger)
st_stim_military,Military Stimpack
st_medkit_science,Scientific Medkit
military_merc_outfit_name,Mercenary Skat-9 Armored Suit
st_wpn_colt1911_n,Colt M1911
st_af_black_angel_name,Black Angel
st_wpn_rg6,RG-6 Grenade Launcher
st_mag_aug_9x19_fmj,Standard 9x19 Aug Magazine
st_mag_usp_9x19_fmj,Standard 9x19 USP Magazine
isg_lcs_outfit_name,UNISG LC Suit
BR7,BR7
st_meat_snork,Cooked Snork Hand
ammo-357-hp,.357 HP rounds
isg_nosorog_outfit_name,UNISG Nosorog
travel_outfit_name,"Voyager" Stalker Suit
st_mag_ppsh41_7.62x25_p,Standard PPSh41 Drum calibre 7.62x25
st_boots,Old Leather Boots
st_helm_cloth_mask,Cloth Mask
st_wpn_fort17,Fort-17
stalker_outfit_name,"Sunrise" Stalker Suit
st_bolt_carrier_1,Sliding Bolt Carrier with Turning Bolt Lock [R] (Carrier)
st_wpn_ak74m_duty,AK-74M
st_wpn_beretta_alt,Beretta 92F
ammo-9x18-pmm,9x18 mm HP rounds
st_wpn_m98b,Barrett M98B
cs_stalker_proto_exo_outfit_name,CS-2b Exoskeleton
st_mag_glock_9x19_fmj,Standard 9x19 Glock Magazine
st_wpn_val,AS Val
st_data_export_used_in_cooking,Used in cooking
st_mag_vssk_12.7x55,Standard 12.7x55 VSSK Magazine
killer,Mercenary
cs_exolight_outfit_name,CS-5 Exosuit
st_data_export_eat_health_change,Health change
dolg_scientific_red_outfit_name,PS5-9Md Light Scientific Suit
st_af_empty_name,Empty
st_wpn_pb_bas_custom,PB
pda_encyclopedia_tier,Tier
st_helm_m40,M40 Gas Mask
ammo_12.7x55_ap,12.7x55 mm STs-130 VPS rounds
st_energy_drink,Energy Drink
st_pda_3_name,PDA v3.1 with KilTrak�
st_mag_remingtonla_300,Standard Remington 700 Magazine with a capacity of 5 rounds.
st_mag_saiga12_drum,Saiga-12 20-round Drum Magazine
st_hand_rolling_tobacco,Hand-rolling Tobacco
st_af_fountain_name,Fountain
st_meat_chimera,Chimera Goulash
st_wpn_ks23_23_up,KS-23 Shortie
st_data_export_post_heal_leg,Post-Heal Leg
st_mag_beretta_9x18_fmj,Modified 9x18 Beretta 92F Magazine
st_mag_pmm_9x18_fmj,Standard 9x18 PMM magazine
st_mag_aps_9x18_fmj,Standard 9x18 APS Magazine
st_mag_stanag,Standard 5.56x45 STANAG magazine
st_analgetic,Diclofenac Sodium
military_sky_outfit_name,CS-4b Armored Suit
st_meat_pseudodog,Pseudodog Chops
st_pda_1_name,PDA
st_hide_bloodsucker_name,Bloodsucker Skin
st_mag_mp5_9x18_fmj,Modified 9x18 MP5 Magazine
st_mag_mp443_9x18_fmj,Modified 9x18 MP-443 Magazine
st_mag_ppp_sig_9x19_fmj,9x19mm SIG P229 Magazine
mag_kriss9,Modified 9x19 Vector Magazine
freedom_nosorog_outfit_name,Champion of Freedom
st_wpn_ppsh41_camo,PPSh-41
mutant_boar_leg,Boar Leg
st_prt_w_p_spring_4,9mm Recoil Spring Assembly [Western] (Spring)
st_mag_m249_5.56x45,Standard 5.56x45 M249 Box
st_wpn_aug_a1_custom_bas,Steyr AUG A1
st_af_eye_name,Eye
st_mag_hpsa_9x18_fmj,Modified 9x18 Browning Hi-Power Magazine
st_upgr_cost,Cost
st_prt_o_ballistic_3,Kevlar K129 Plates w/ Polycarbonate Composite
st_tetanus,Fentanyl
st_prt_o_retardant_13,PBI-blended Fabrics
st_exo_repair_kit,Armor Repair Kit (Exoskeleton)
st_wpn_g36new,G36
st_mag_cz75_9x19_fmj,Standard 9x19 CZ-75 Magazine
csky_novice_outfit_name,Clear Sky Leather Jacket
st_helm_bandana,Bandana
ammo-12x70-buck,12x70 buckshot shells
cs_nbc_outfit_name,CS-2t Suit
ace_outfit_name,Mercenary ACE Scientific Suit
mutant_psysucker_hand,Psysucker Hand
st_data_export_stash_type_common,Common
st_af_ah_r5,Mushroom
st_geiger_dead,Geiger Counter
merc_sunset_outfit_name,Mercenary LCz Suit
st_data_export_used_in_crafting,Used in crafting
dolg_heavy_outfit_name,PSZ-9d Body Armor
st_af_pin_name,Pin
st_mag_glock_9x18_fmj,Modified 9x18 Glock Magazine
csky_light_novice_outfit_name,CS-1 Body Armor
st_mag_sks_7.62x39,Standard 7.62x39 SKS Magazine
st_wpn_scar_custom,FN SCAR-H
st_wpn_toz34_obrez_custom,TOZ-34 (Sawn-off)
st_mineral_water,Mineral Water
army_outfit_name,Military Service Outfit
svoboda_exolight_outfit_name,Warrior of Freedom
bandit,Bandit
merc_fighter_outfit_name,Mercenary LC-F Suit
st_wpn_aug_a3,Steyr AUG A3
trenchcoat_outfit_name,Overcoat
st_chocolate,Chocolate
st_ied,IED (Chemical)
st_data_export_fragments,Fragments
st_af_ah_o2,Magnet
merc_scientific_armored_outfit_name,Mercenary SEVA Body Armor
mutant_lurker_eye,Lurker Eye
st_data_export_unknown,Unknown
st_hide_burer_name,Burer Skin
ammo-7.62x51_fmj,7.62x51 mm NATO ball rounds
ammo-7.62x25-p,7.62x25 mm LRNPC rounds
st_af_atom_name,Atom
st_mag_fort_9x19_fmj,Modified 9x19 Fort-17 Magazine
st_wpn_colt1911_modern,Colt M1911
exo_merc_urban_outfit_name,Mercenary Urban Exosuit
st_glucose_s,Glucose Shot
st_af_bat_name,Bat
ui_mm_repair,Repair
dolg_exolight_outfit_name,PSZ-10d Duty Battlesuit
st_helm_respirator,Refitted PBF Gas Mask Kit
helm_ppm88,PPM-88 Gas Mask
st_wpn_l85,L85A1
st_data_export_bonus_mutant_part_chance,Bonus mutant part chance
st_mag_sr2m_9x18_veresk,Standard SR-2M 9x18 Veresk Magazine
ammo-5.56x45-ss190,5.56x45 mm HP rounds
st_wpn_9a91,9A-91
st_vodka,Vodka (Nemiroff)
st_wpn_m4a1_custom,M4A1
st_wpn_gauss_bas,Gauss Rifle
st_wpn_ithacam37_sawnoff,Ithaca M37 (Sawn-off)
st_powder_rifle,Small Rifle Propellant
st_mag_wa2000_7.62x51,Standard Walther WA 2000 Magazine calibre 7.62x51
st_bolt_4,Rotating Locking Head [2 Locks] [V] (Bolt)
ammo-9x39-ap,9x39 mm SP-6 rounds
st_prop_weight,Weight
st_mag_sig220_11.43x23_fmj,Standard .45 ACP SIG Sauer P220 Magazine
dolg_voin_outfit_name,PS6-V Warrior Suit
st_af_cooler_up_name,Improved Body Cooler
ammo-7.62x54-ap,7.62x54 mm AP rounds
st_af_repei_name,Thistle
#4,#4
st_wpn_g3,G3A3
st_wpn_saiga12s_m2,Saiga-12 Tactical
ammo-9x19-fmj,9x19 mm FMJ rounds
st_kit_hunt,Hunter's Kit
st_gamma_recipe_advanced_4,The Art of Artefacts Fusion Vol. 2
st_vodka2,Vodka (Putinka)
mutant_chimera_cogot,Chimera Horn
st_helm_protective,SSP-99 Screen Helmet
ammo-9x39-pab9,9x39 mm SP-5 rounds
st_wpn_scar,FN SCAR-H
svoboda_heavy_outfit_2_name,Sentinel of Freedom
st_wpn_ak104_alfa,AK-104 "Alpha"
st_af_soul_name,Soul
st_itm_artefact_container_name,Artefact Container
st_mag_overlylarge_50_762x51_drum2,STANAG 7.62x51 50-round drum magazine
st_wpn_ar15_freedom,AR-15 HERA
st_wpn_remington700_lapua700,Remington 700 "Deer Hunter"
st_mag_ak74m_5.45x39,Standard 5.45x39 AK-74M Magazine
mutant_dog_heart,Dog Heart
st_mag_ak103_7.62x39,Standard 7.62x39 AK-103 Magazine
st_sewing_kit_a,Sewing Kit (Advanced)
st_hide_psy_dog_name,Psy-dog Fur
st_af_zhelch_name,Scar
st_data_export_restore_radiation_max,Total radiation restoration
st_helm_respirator_gp5,GP-5 Gas Mask
greh_armored_camo_outfit_name,Vyriy Flak Armor
st_mag_toz106_20x70_fmj,Standard 20x70 TOZ 106 Magazine
st_wpn_sr2_m1,SR-2M Veresk
military_freedom_outfit_name,Liberated Skat-9 Armored Suit
st_bandage,Bandage
st_mag_baskiparis_9x18_81,Extended 9x18 Kiparis Magazine
ammo-7.62x39_fmj,7.62x39 mm FMJ rounds
st_wpn_usp_match,USP Match
k01_darkscape,Darkscape
st_mag_beretta_9x19_fmj,Standard 9x19 Beretta 92F Magazine
st_mag_ak74_fast_5.45x39,Fast-loading 5.45x39 AK-74M Magazine
ammo-gauss_cardan,Home-made batteries
st_mag_remington700_7.62x51,Standard 7.62x51 Remington 700 Magazine
st_af_ah_g1,Easy
st_mag_desert_eagle_357_hp,Standard .357 Desert Eagle Magazine
st_letter_stalker_letter_3_name,Letter to Nikolai
st_mag_fnp45_11.43x23_fmj,Standard .45 ACP FNP-45 Magazine
st_itm_mapkit_4,Anomaly Map (Dead City)
st_bolt_15,Drummer with Mainspring [PP] (Bolt)
st_af_ah_r1,Mushroom
st_mag_fort_9x18_fmj,Standard 9x18 Fort-17 Magazine
st_wpn_sig550_custom,SIG SG 550
st_data_export_first_aid_torso,First-Aid torso
st_af_freon_up_name,Improved Freon Emission Module
st_wpn_beretta,Beretta 92F
st_mag_k98_7.62x54,Modified 7.62x54 Kar 98 Magazine
st_mag_cz52_7.62x25_p,Standard 7.62x25 CZ-52 Magazine
st_data_export_impulse,Impulse
st_prt_o_retardant_8,Insulating Reinforced Magnesium-oxide Grid
st_gas_tube_4,Gas Tube [AS/PP] (Gas Tube)
dolg_exo_outfit_name,PSZ-10d Exoskeleton
st_prt_w_p_barrel_5,7.62mm Barrel (Barrel)
st_matches,Firestarter Set
st_mag_mp5_9x19_fmj,Standard 9x19 MP5 Magazine
ammo-9x18-ap,9x18 mm AP rounds
st_hide_pseudogiant_name,Pseudogiant Hide
st_mag_val_9x39_pab9,20-round 9x39 AS VAL Magazine
st_mag_oc33_9x19_fmj,Modified 9x19 OTs-33 Pernach Magazine
svoboda_scientific_outfit_name,Watchman of Freedom
ecologist_guard_outfit_name,ISRIT Guard Jumpsuit
st_mag_basextvintorez_9x39_pab9,Extended 9x39 VSS Magazine
novice_outfit_name,Leather Jacket
st_mag_remingtonarchangel_7.62x51,Extended 7.62x51 Remington Archangel Kit Magazine
ext_mag_kriss_drum,.45 ACP Vector Drum Magazine
st_mag_ash12_12.7x55,Standard 12.7x55 ASh-12 Magazine
dolg_novice_outfit_name,Duty Leather Jacket
st_mag_mp7_5.7x28_ss190,st_mag_mp7_5.7x28_ss190
ui_inv_outfit_artefact_count,%c[0,255,255,255]Belt Slots:
st_wpn_sks_molot,SKS Molot
nbc_outfit_name,Tactical Stalker Suit
st_mag_steyr_762,7.62x51 Steyr Scout Magazine
st_wpn_ak105_sp,AK-105 "Specialist"
ammo-7.62x54-r,7.62x54 mm PP rounds
st_data_export_weapon_kind_sniper,Sniper Rifle
st_solvent,Cleaning Solvent "Hoppe's No. 9"
st_meat_bloodsucker,Bloodsucker Goulash
st_mag_pp2000_9x18_fmj,Modified 9x18 PP-2000 Magazine
monolith_scientific_outfit_name,Monolith Scientific Suit
st_mag_akalfa_5.56x45_bas,Standard 5.56x45 AK Alfa Magazine
st_wpn_rpd,RPD
exo_merc_grass_outfit_name,Mercenary Grassland Exosuit
st_tobacco,Russian Tobacco
st_mag_vihr_9x39_pab9,30-round 9x39 SR-3M Magazine
st_wpn_l85_m3,L85A2 "Tactical"
bandit_sun_outfit_name,"Sunset" Tactical Suit
st_mag_toz106_20x70_zhekan_fmj,Standard 20x70 TOZ 106 Magazine
st_mag_vz61_9x19_fmj,Standard 9x19 vz.61 Magazine
st_data_export_from,from
st_prt_o_ballistic_16,Carbon Nanotube Layers w/ Kevlar-29 Fabrics (Reinforced)
mutant_cat_tail,Cat Tail
st_bolt_13,Rotating Locking Head [2 Locks] [�] [NATO] (Bolt)
BR2,BR2
BR3,BR3
st_mine_name,PFM-1 Scatterable Anti-personnel Mine
st_wpn_streetsweeper_nimble,Armsel Protecta Custom
st_mag_mp7_9x18_fmj,Modified 9x18 MP7 Magazine
st_wpn_l96a1,L96A1
st_device_torch_name,Headlamp
st_mag_l96a1_7.62x51,10-round 7.62x51 L96A1 Magazine
ui_inv_bspeed,%c[pda_white]Muzzle Velocity:
mutant_tushkano_meat,Tushkano Meat
trenchcoat_green_outfit_name,Heavy Green Overcoat
st_helm_battle,Sphere M12 Helmet
ammo-5.7x28-ss190,5.7x28 SS190 rounds
st_wpn_sig220_nimble,SIG P220 "Alpine"
st_grooming,Grooming Kit
st_mag_baskiparis_9x19_81,Extended 9x19 Kiparis Magazine
st_jewelry_box,Decorated Jewellery Box
st_protein,Protein Bar
st_tactical_knife,Monolith Blade
st_barrel_2,18.5mm Barrel [R] (Barrel)
st_mag_nato_5.56x45_extended,Extended 5.56x45 STANAG Magazine
gamma_strike_cap,Impact Cap
st_prt_o_ballistic_12,Reinforced Kevlar K119 Plates
st_af_ah_r4,Mushroom
st_conserva,Canned Tuna
st_trigger_components_4,Single-fire Mode Trigger Mechanism with Firing Pin (Trigger)
st_prt_o_ballistic_5,Kevlar AP Steel Plates
ammo-5.45x39-ap,5.45x39 mm AP rounds
mutant_cat_claw,Cat Claw
st_prt_o_fabrics_2,Synthetic Cloth Sheets
st_mag_stanag_fast_7.62x51,Fast-loading 7.62x51 STANAG Magazine
st_prt_o_retardant_14,PBI-blended Fabrics w/ Polyester Treatment
st_adrenalin,Epinephrine Shot
ammo-gauss,Batteries
st_af_death_lamp_name,Death Lamp
st_mag_wp99_9x19_fmjext,Extended 9x19 Walther P99 Magazine
st_corn,Canned Corn
gamma_telepatic_cap,Psychic Cap
st_bolt_8,Rotating Locking Head [6 Locks] [�] (Bolt)
st_bolt_9,Rotating Locking Head [7 Locks] [�] (Bolt)
st_bolt_carrier_2,Sliding Bolt Carrier with Turning Bolt Lock [R] (Carrier)
st_af_kevlar_name,Kevlar Plates and Attachments
st_bolt_carrier_3,Sliding Bolt Carrier with Turning Bolt Lock [NATO] (Carrier)
greh_trenchcoat_outfit_name,Sin Heavy Overcoat
st_lead_box_name,st_lead_box_name
st_af_kogot_name,Claw
dolg_proto_exo_outfit_name,PS5-M Exoskeleton
monolith_proto_exo_outfit_name,X-18 Exoskeleton
st_bottle_metal,Vodka
st_bolt_1,Dropping-block Breech [R] (Bolt)
st_prt_i_resistors,Box of Resistors
st_wpn_ppsh41_new,PPSh-41
st_caffeine,Caffeine Tablets
st_wpn_akm_isg,Rifle Dynamics RD-47 ISG Tactical
st_wpn_adar2_15,ADAR 2-15
ammo_vog_30,VOG-30 Grenade
st_wpn_ak74,AK-74N
st_prt_o_retardant_5,PVC/Rubber Coated Fabrics
st_meat_tushkano,Rat Skewers
st_prt_o_fabrics_1,Cloth Sheets
