~, Pda_encyclopedia_name, St_data_export_disassemble_result, St_data_export_disassemble_amount, St_data_export_disassemble_result, St_data_export_disassemble_amount, St_data_export_disassemble_result, St_data_export_disassemble_amount, St_data_export_disassemble_result, St_data_export_disassemble_amount, St_data_export_disassemble_result, St_data_export_disassemble_amount, St_data_export_disassemble_result, St_data_export_disassemble_amount, St_data_export_disassemble_result, St_data_export_disassemble_amount, St_data_export_disassemble_result, St_data_export_disassemble_amount, St_data_export_disassemble_result, St_data_export_disassemble_amount, St_data_export_disassemble_result, St_data_export_disassemble_amount
e0t2_magd,"st_addon_scope_e0t2_mag","st_addon_scope_mag","x1","st_addon_scope_e0t2","x1"
uh1_magd,"st_addon_scope_razor_mag","st_addon_scope_mag","x1","st_addon_scope_razor","x1"
adrenalin,"st_adrenalin","st_e_syringe","x1"
af_aac,"st_af_aac_name","st_prt_i_resistors","x2","st_prt_i_capacitors","x2","st_prt_i_transistors","x2","st_prt_i_scrap","x1","st_prt_i_copper","x1"
af_aam,"st_af_aam_name","st_prt_i_resistors","x3","st_prt_i_capacitors","x3","st_prt_i_copper","x2","st_prt_i_transistors","x2","st_prt_i_scrap","x1"
af_camelbak,"st_af_camelbak_name","st_prt_o_ballistic_9","x1","st_prt_o_retardant_13","x1","st_prt_i_scrap","x1","st_prt_o_ballistic_13","x1"
af_camelbak_up,"st_af_camelbak_up_name","st_prt_i_scrap","x2","st_prt_o_retardant_13","x1","st_prt_o_ballistic_9","x1","st_prt_o_ballistic_13","x1"
af_cooler,"st_af_cooler_name","st_prt_o_fabrics_4","x1","st_prt_i_fasteners","x1","st_prt_i_scrap","x1","st_prt_o_retardant_7","x1"
af_cooler_up,"st_af_cooler_up_name","st_prt_i_scrap","x2","st_prt_i_fasteners","x2","st_prt_o_fabrics_4","x1","st_prt_o_retardant_7","x1"
af_frames,"st_af_frames_name","st_prt_o_fabrics_3","x1","st_prt_i_fasteners","x1","st_prt_o_ballistic_15","x1","st_prt_i_scrap","x1"
af_frames_up,"st_af_frames_up_name","st_prt_i_scrap","x2","st_prt_i_fasteners","x2","st_prt_o_ballistic_15","x1","st_prt_o_fabrics_3","x1"
af_freon,"st_af_freon_name","st_prt_i_plastic","x1","st_prt_o_retardant_1","x1","st_prt_i_scrap","x1","st_prt_o_retardant_5","x1"
af_freon_up,"st_af_freon_up_name","st_prt_i_plastic","x2","st_prt_i_scrap","x2","st_prt_o_retardant_1","x1","st_prt_o_retardant_5","x1"
af_grid,"st_af_grid_name","st_prt_o_ballistic_5","x1","st_prt_i_fasteners","x1","st_prt_i_scrap","x1","st_prt_o_fabrics_3","x1"
af_grid_up,"st_af_grid_up_name","st_prt_i_scrap","x2","st_prt_i_fasteners","x2","st_prt_o_ballistic_5","x1","st_prt_o_fabrics_3","x1"
af_iam,"st_af_iam_name","st_prt_i_capacitors","x2","st_prt_i_resistors","x1","st_prt_i_scrap","x1","st_prt_i_copper","x1","st_prt_i_transistors","x1"
af_kevlar,"st_af_kevlar_name","st_prt_o_ballistic_5","x1","st_prt_o_ballistic_1","x1","st_prt_o_ballistic_7","x1","st_prt_o_ballistic_3","x1"
af_kevlar_up,"st_af_kevlar_up_name","st_prt_o_ballistic_5","x2","st_prt_o_ballistic_7","x2","st_prt_o_ballistic_1","x1","st_prt_o_ballistic_3","x1"
af_plates,"st_af_plates_name","st_prt_o_ballistic_9","x1","st_prt_i_fasteners","x1","st_prt_o_ballistic_13","x1","st_prt_i_scrap","x1"
af_plates_up,"st_af_plates_up_name","st_prt_i_scrap","x2","st_prt_i_fasteners","x2","st_prt_o_ballistic_13","x1","st_prt_o_ballistic_9","x1"
af_surge,"st_af_surge_name","st_prt_o_retardant_17","x1","st_prt_i_fasteners","x1","st_prt_i_scrap","x1","st_prt_i_resistors","x1"
af_surge_up,"st_af_surge_up_name","st_prt_i_resistors","x2","st_prt_i_fasteners","x2","st_prt_i_scrap","x2","st_prt_o_retardant_17","x1"
analgetic,"st_analgetic","st_e_syringe","x1"
armor_repair_fa,"st_armor_repair_fa","st_duct_tape","x2","st_prt_i_textolite","x1","st_prt_o_fabrics_4","x1"
army_bowler,"st_army_bowler","st_prt_i_scrap","x1"
ball_hammer,"st_ball_hammer","st_prt_i_wood","x1","st_prt_i_scrap","x1"
explo_balon_gas,"st_balon_gas","st_prt_i_fasteners","x1","st_prt_i_scrap","x1"
bandage,"st_bandage","st_prt_o_fabrics_3","x1"
beadspread,"st_beadspread","st_prt_o_fabrics_1","x1","st_prt_o_fabrics_3","x1"
beans,"st_beans","st_prt_i_scrap","x1"
wpn_binoc,"st_binocular_name","st_prt_i_fasteners","x1","st_prt_i_capacitors","x1","st_prt_i_resistors","x1","st_prt_i_scrap","x1"
wpn_binoc_inv,"st_binocular_name","st_prt_i_fasteners","x1","st_prt_i_capacitors","x1","st_prt_i_resistors","x1","st_prt_i_scrap","x1"
boots,"st_boots","st_prt_o_fabrics_3","x1","st_prt_o_fabrics_4","x1"
broken_detector,"st_broken_detector","st_prt_i_fasteners","x1","st_prt_i_transistors","x1","st_prt_i_resistors","x1","st_prt_i_capacitors","x1"
chili,"st_chili","st_prt_i_scrap","x1"
compression_bag,"st_compression_bag","st_prt_o_fabrics_3","x1","st_prt_o_fabrics_4","x1"
conserva,"st_conserva","st_prt_i_scrap","x1"
cooking,"st_cooking","st_prt_i_plastic","x1","st_prt_i_fasteners","x1"
corn,"st_corn","st_prt_i_scrap","x1"
cutlery,"st_cutlery","st_prt_i_scrap","x1"
detector_simple,"st_detector1","st_prt_i_transistors","x2","st_prt_i_capacitors","x2","st_prt_i_copper","x1","st_prt_i_scrap","x1","st_prt_i_fasteners","x1","st_prt_i_resistors","x1"
detector_advanced,"st_detector2","st_prt_i_transistors","x3","st_prt_i_capacitors","x3","st_prt_i_resistors","x2","st_prt_i_fasteners","x1","st_prt_i_scrap","x1"
detector_elite,"st_detector3","st_prt_i_transistors","x4","st_prt_i_resistors","x2","st_prt_i_capacitors","x2","st_prt_i_fasteners","x1","st_prt_i_scrap","x1"
detector_scientific,"st_detector4","st_prt_i_resistors","x4","st_prt_i_transistors","x4","st_prt_i_capacitors","x4","st_prt_i_fasteners","x1","st_prt_i_scrap","x1"
detector_anomaly,"st_detector8","st_prt_i_resistors","x2","st_prt_i_capacitors","x2","st_prt_i_transistors","x2","st_prt_i_copper","x1","st_prt_i_fasteners","x1","st_prt_i_scrap","x1"
detector_radio,"st_detector9","st_prt_i_resistors","x2","st_prt_i_capacitors","x2","st_prt_i_transistors","x2","st_prt_i_fasteners","x1","st_prt_i_copper","x1"
device_flashlight,"st_device_flashlight","st_prt_i_fasteners","x1","st_prt_i_capacitors","x1","st_prt_i_resistors","x1","st_prt_i_copper","x1"
device_torch_dummy,"st_device_torch_name","st_prt_i_resistors","x1","st_prt_i_capacitors","x1","st_prt_i_copper","x1"
device_torch_nv_1,"st_device_torch_nv_1_name","st_prt_i_capacitors","x2","st_prt_i_transistors","x1","st_prt_i_resistors","x1","st_prt_i_copper","x1"
device_torch_nv_2,"st_device_torch_nv_2_name","st_prt_i_capacitors","x2","st_prt_i_transistors","x2","st_prt_i_resistors","x1","st_prt_i_copper","x1"
device_torch_nv_3,"st_device_torch_nv_3_name","st_prt_i_transistors","x3","st_prt_i_resistors","x2","st_prt_i_copper","x1","st_prt_i_capacitors","x1"
drug_booster,"st_drug_booster","st_jar","x1"
letter_ecologist_report_1_of_3,"st_ecologist_report_1_of_3_name","st_prt_i_paper","x3"
letter_ecologist_report_2_of_3,"st_ecologist_report_2_of_3_name","st_prt_i_paper","x3"
letter_ecologist_report_3_of_3,"st_ecologist_report_3_of_3_name","st_prt_i_paper","x3"
equ_military_pack,"st_equ_milpack_name","st_prt_o_fabrics_4","x3","st_prt_o_fabrics_3","x2","st_prt_o_fabrics_2","x2"
equ_small_pack,"st_equ_smallpack_name","st_prt_o_fabrics_1","x1","st_prt_o_fabrics_3","x1","st_prt_o_fabrics_2","x1"
equ_small_military_pack,"st_equ_smilpack_name","st_prt_o_fabrics_4","x2","st_prt_o_fabrics_3","x1","st_prt_o_fabrics_2","x1"
equ_tourist_pack,"st_equ_touristpack_name","st_prt_o_fabrics_1","x3","st_prt_o_fabrics_3","x3","st_prt_o_fabrics_2","x2"
exo_repair_kit,"st_exo_repair_kit","st_prt_i_scrap","x3","st_prt_i_fasteners","x1"
heavy_repair_kit,"st_exolight_repair_kit","st_prt_i_scrap","x2","st_prt_i_fasteners","x1"
fieldcooker,"st_fieldcooker","st_prt_i_fasteners","x3","st_prt_i_scrap","x3"
flashlight_broken,"st_flashlight_broken","st_prt_i_capacitors","x1","st_prt_i_resistors","x1"
letter_freedom_manual_1_of_2,"st_freedom_manual_1_of_2_name","st_prt_i_paper","x1"
letter_freedom_manual_2_of_2,"st_freedom_manual_1_of_2_name","st_prt_i_paper","x1"
recipe_advanced_1,"st_gamma_recipe_advanced_1","st_prt_i_paper","x1"
recipe_advanced_2,"st_gamma_recipe_advanced_2","st_prt_i_paper","x1"
recipe_advanced_3,"st_gamma_recipe_advanced_3","st_prt_i_paper","x1"
recipe_advanced_4,"st_gamma_recipe_advanced_4","st_prt_i_paper","x1"
recipe_basic_1,"st_gamma_recipe_basic_1","st_prt_i_paper","x1"
recipe_basic_2,"st_gamma_recipe_basic_2","st_prt_i_paper","x1"
recipe_basic_3,"st_gamma_recipe_basic_3","st_prt_i_paper","x1"
recipe_basic_4,"st_gamma_recipe_basic_4","st_prt_i_paper","x1"
recipe_expert_1,"st_gamma_recipe_expert_1","st_prt_i_paper","x1"
recipe_expert_2,"st_gamma_recipe_expert_2","st_prt_i_paper","x1"
recipe_expert_3,"st_gamma_recipe_expert_3","st_prt_i_paper","x1"
recipe_expert_4,"st_gamma_recipe_expert_4","st_prt_i_paper","x1"
detector_geiger,"st_geiger_dead","st_prt_i_resistors","x2","st_prt_i_capacitors","x2","st_prt_i_transistors","x2","st_prt_i_copper","x1","st_prt_i_fasteners","x1","st_prt_i_scrap","x1"
gloves,"st_gloves","st_prt_o_fabrics_1","x1","st_prt_o_fabrics_3","x1"
glucose,"st_glucose","st_e_syringe","x1"
glucose_s,"st_glucose_s","st_e_syringe","x1"
glue_a,"st_glue_a","st_prt_i_textolite","x1","st_jar","x1","st_prt_o_fabrics_4","x1"
glue_b,"st_glue_b","st_prt_i_textolite","x1","st_jar","x1","st_prt_o_fabrics_4","x1"
glue_e,"st_glue_e","st_prt_i_textolite","x1","st_jar","x1","st_prt_o_fabrics_4","x1"
grease,"st_grease","st_jar","x1"
guitar_a,"st_guitar_name","st_prt_i_wood","x4"
gun_oil_ru,"st_gun_oil_ru","st_prt_i_textolite","x1","st_jar","x1","st_prt_o_fabrics_4","x1"
hand_watch,"st_hand_watch","st_prt_i_fasteners","x1","st_prt_i_scrap","x1"
headlamp,"st_headlamp","st_prt_i_copper","x1","st_prt_i_transistors","x1","st_prt_i_fasteners","x1"
ied_new,"st_ied","st_prt_i_scrap","x2"
ied_rpg_new,"st_ied_rpg","st_prt_i_scrap","x2"
itm_backpack,"st_itm_backpack_name","st_prt_o_fabrics_3","x1","st_prt_o_fabrics_2","x1"
itm_mapkit_1,"st_itm_mapkit_1","st_prt_i_paper","x3"
itm_mapkit_2,"st_itm_mapkit_2","st_prt_i_paper","x3"
itm_mapkit_3,"st_itm_mapkit_3","st_prt_i_paper","x3"
itm_mapkit_4,"st_itm_mapkit_4","st_prt_i_paper","x3"
itm_mapkit_5,"st_itm_mapkit_5","st_prt_i_paper","x3"
itm_mapkit_6,"st_itm_mapkit_6","st_prt_i_paper","x3"
itm_mapkit_7,"st_itm_mapkit_7","st_prt_i_paper","x3"
itm_mapkit_8,"st_itm_mapkit_8","st_prt_i_paper","x3"
itm_mapkit_9,"st_itm_mapkit_9","st_prt_i_paper","x3"
itm_sleepbag,"st_itm_sleepbag_name","st_prt_o_fabrics_3","x2","st_prt_o_fabrics_4","x2"
itm_tent,"st_itm_tent_name","st_prt_o_fabrics_4","x3","st_prt_o_fabrics_3","x2"
itm_campfire,"st_itms_campfire_name","st_prt_i_wood","x2"
jgut,"st_jgut_zhgut","st_prt_o_fabrics_4","x2","st_bandage","x1"
kit_hunt,"st_kit_hunt","st_prt_o_fabrics_3","x2","st_prt_o_fabrics_4","x2","st_swiss","x1"
lead_box,"st_lead_box_name","st_prt_i_fasteners","x2","st_prt_i_scrap","x2"
letter_mercenary,"st_letter_mercenary_name","st_prt_i_paper","x1"
letter_military_log,"st_letter_military_log_name","st_prt_i_paper","x1"
letter_military_stalker,"st_letter_military_stalker_name","st_prt_i_paper","x1"
letter_stalker_letter_3,"st_letter_stalker_letter_3_name","st_prt_i_paper","x1"
letter_letter_to_outside,"st_letter_to_outside_name","st_prt_i_paper","x1"
medkit,"st_medkit","st_e_syringe","x2","st_prt_i_textolite","x1","st_prt_i_paper","x1"
medkit_army,"st_medkit_army","st_prt_i_plastic","x2","st_e_syringe","x1","st_prt_i_textolite","x1","st_bandage","x1"
medkit_scientic,"st_medkit_science","st_e_syringe","x2","st_prt_i_plastic","x2","st_prt_i_textolite","x1","st_bandage","x1"
meinkampf,"st_meinkampf","st_prt_i_paper","x1"
letter_memoirs_1_of_2,"st_memoirs_1_of_2_name","st_prt_i_paper","x1"
letter_memoirs_2_of_2,"st_memoirs_2_of_2_name","st_prt_i_paper","x1"
explo_metalcan_powder,"st_metalcan_powder","st_powder_pistol","x3","st_powder_rifle","x3","st_powder_mag","x2","st_prt_i_scrap","x1"
mine_new,"st_mine_name","st_prt_i_fasteners","x1","st_prt_i_scrap","x1"
mirror,"st_mirror","st_prt_i_fasteners","x1","st_prt_i_scrap","x1"
letter_monolith_prayer_1_of_3,"st_monolith_prayer_1_of_3_name","st_prt_i_paper","x1"
letter_monolith_prayer_2_of_3,"st_monolith_prayer_2_of_3_name","st_prt_i_paper","x1"
letter_monolith_prayer_3_of_3,"st_monolith_prayer_3_of_3_name","st_prt_i_paper","x1"
letter_monolithian_thoughts,"st_monolithian_thoughts_name","st_prt_i_paper","x1"
morphine,"st_morphine","st_e_syringe","x1"
device_pda_1,"st_pda_1_name","st_prt_i_resistors","x2","st_prt_i_capacitors","x2","st_prt_i_transistors","x2","st_prt_i_fasteners","x1","st_prt_i_copper","x1"
device_pda_2,"st_pda_2_name","st_prt_i_capacitors","x3","st_prt_i_resistors","x2","st_prt_i_transistors","x2","st_prt_i_fasteners","x1","st_prt_i_copper","x1"
device_pda_3,"st_pda_3_name","st_prt_i_transistors","x4","st_prt_i_capacitors","x2","st_prt_i_resistors","x2","st_prt_i_fasteners","x1","st_prt_i_copper","x1"
itm_pda_uncommon,"st_pda_name","st_prt_i_resistors","x1","st_prt_i_fasteners","x1","st_prt_i_copper","x1","st_prt_i_capacitors","x1","st_prt_i_transistors","x1"
itm_pda_common,"st_pda_name","st_prt_i_resistors","x1","st_prt_i_fasteners","x1","st_prt_i_copper","x1","st_prt_i_capacitors","x1","st_prt_i_transistors","x1"
itm_pda_rare,"st_pda_name","st_prt_i_resistors","x1","st_prt_i_fasteners","x1","st_prt_i_copper","x1","st_prt_i_capacitors","x1","st_prt_i_transistors","x1"
porn,"st_porn","st_prt_i_paper","x1"
porn2,"st_porn2","st_prt_i_paper","x1"
prt_o_support_1,"st_prt_o_support_1","st_prt_i_fasteners","x2","st_prt_i_scrap","x2"
radio,"st_radio","st_prt_i_resistors","x1","st_prt_i_transistors","x1","st_prt_i_fasteners","x1"
radio2,"st_radio2","st_prt_i_resistors","x1","st_prt_i_capacitors","x1","st_prt_i_copper","x1"
rebirth,"st_rebirth","st_e_syringe","x1"
recipe_drug_1,"st_recipe_drug_1","st_prt_i_paper","x1"
recipe_drug_2,"st_recipe_drug_2","st_prt_i_paper","x1"
recipe_drug_3,"st_recipe_drug_3","st_prt_i_paper","x1"
recipe_drug_4,"st_recipe_drug_4","st_prt_i_paper","x1"
salicidic_acid,"st_salicidic_acid","st_e_syringe","x1"
shovel_mili,"st_shovel_mili","st_prt_i_wood","x2","st_prt_i_scrap","x2"
shovel_old,"st_shovel_old","st_prt_i_wood","x2","st_prt_i_scrap","x2"
solvent,"st_solvent","st_prt_i_textolite","x1","st_jar","x1","st_prt_o_fabrics_4","x1"
letter_stalker_letter_1_of_2,"st_stalker_letter_1_of_2_name","st_prt_i_paper","x1"
letter_stalker_letter_2_of_2,"st_stalker_letter_2_of_2_name","st_prt_i_paper","x1"
stimpack,"st_stim_impro","st_e_syringe","x1","st_prt_i_plastic","x1"
stimpack_army,"st_stim_military","st_e_syringe","x1","st_prt_i_plastic","x1"
stimpack_scientic,"st_stim_scientic","st_e_syringe","x2","st_prt_i_plastic","x1"
survival_kit,"st_survival_kit","st_e_syringe","x1","st_prt_i_textolite","x1","st_prt_i_paper","x1","st_medkit_army","x1","st_bandage","x1","st_prt_i_plastic","x1"
synthrope,"st_synthrope","st_rope","x2"
tarpaulin,"st_tarpaulin","st_prt_o_fabrics_4","x1"
tetanus,"st_tetanus","st_e_syringe","x1"
tomato,"st_tomato","st_prt_i_scrap","x1"
tushonka,"st_tushonka","st_prt_i_scrap","x1"
underwear,"st_underwear","st_prt_o_fabrics_2","x1"
walkie,"st_walkie","st_prt_i_resistors","x1","st_prt_i_transistors","x1","st_prt_i_fasteners","x1"
yadylin,"st_yadylin","st_jar","x1"
