0kp2,wpn_ace52,wpn_ak104_alfa,wpn_ak12_custom,wpn_ak12_m1,wpn_ak5c_bas,wpn_ak5c_bas_5c_tik,wpn_ak5c_isg,wpn_ak74_isg,wpn_ak74u_isg,wpn_ak74u_m1_isg,wpn_akm_alfa,wpn_akm_isg,wpn_ar15_freedom,wpn_ash12,wpn_aug_a3_bas,wpn_benelli_m1014,wpn_brn180,wpn_eft_rsh12,wpn_fal_sa58_osw,wpn_fn2000_nimble,wpn_groza_nimble,wpn_howa20,wpn_kriss_vector,wpn_ksg23,wpn_l85_m2,wpn_l85_m3,wpn_m4_ru556,wpn_m4_tac,wpn_mk47,wpn_mp153_m1,wpn_mp9,wpn_pkm_zenit_siber,wpn_pp2000,wpn_rpk74_16,wpn_saiga12s_isg,wpn_saiga12s_m2,wpn_scar_siber,wpn_scar_siber_black,wpn_scar_siber_m1,wpn_scar_siber_m1_black,wpn_scar_siber_m2,wpn_scar_siber_m2_custom,wpn_sig550,wpn_sig550_camo,wpn_sig550_custom,wpn_sks_tac,wpn_sr2_m1,wpn_toz106_m1,wpn_ump45,wpn_ump45_custom,wpn_vintorez_m1,wpn_vintorez_m2,wpn_xm4
1p29,wpn_9a91,wpn_abakan,wpn_abakan_camo,wpn_abakan_n,wpn_aek,wpn_ak101,wpn_ak101_camo,wpn_ak102,wpn_ak103,wpn_ak103_camo,wpn_ak104,wpn_ak105,wpn_ak105_sp,wpn_ak74,wpn_ak74_alt,wpn_ak74_custom,wpn_ak74_modern,wpn_ak74_n,wpn_ak74_pmc,wpn_ak74m,wpn_ak74m_alt,wpn_ak74m_beard,wpn_ak74m_camo,wpn_ak74m_custom,wpn_ak74m_duty,wpn_ak74m_n,wpn_ak74u,wpn_ak74u_camo,wpn_ak74u_custom,wpn_ak74u_n1,wpn_ak74u_tac,wpn_akm,wpn_akms,wpn_akms_alt,wpn_aks74,wpn_aks74_new,wpn_bizon,wpn_pkp_siber,wpn_rpk74,wpn_saiga12s,wpn_saiga12s_m1,wpn_saiga12s_m2,wpn_sks_molot,wpn_sks_tac,wpn_svd,wpn_svd_custom,wpn_svd_m1,wpn_svds,wpn_svu,wpn_svu_alt,wpn_svu_nimble,wpn_val,wpn_val_modern,wpn_val_tac,wpn_vepr,wpn_vihr,wpn_vintorez,wpn_vintorez_alt,wpn_vintorez_isg,wpn_vintorez_m1,wpn_vintorez_m2,wpn_vintorez_n1,wpn_vsk94
1p59,wpn_9a91,wpn_abakan_n,wpn_aek,wpn_ak101,wpn_ak101_camo,wpn_ak103,wpn_ak103_camo,wpn_ak105,wpn_ak105_shakal,wpn_ak105_swamp,wpn_ak74,wpn_ak74_alt,wpn_ak74_custom,wpn_ak74_modern,wpn_ak74_pmc,wpn_ak74m,wpn_ak74m_alt,wpn_ak74m_beard,wpn_ak74m_camo,wpn_ak74m_custom,wpn_ak74m_duty,wpn_akms_alt,wpn_pkp_siber,wpn_sks_molot,wpn_sks_tac,wpn_svd_m1,wpn_svds,wpn_svu,wpn_svu_alt,wpn_svu_nimble,wpn_val,wpn_val_modern,wpn_val_tac,wpn_vihr,wpn_vintorez_isg,wpn_vintorez_m1,wpn_vintorez_n1,wpn_vsk94
1p63,wpn_9a91,wpn_abakan_n,wpn_aek,wpn_ak101,wpn_ak101_camo,wpn_ak103,wpn_ak103_camo,wpn_ak105,wpn_ak74,wpn_ak74_alt,wpn_ak74_custom,wpn_ak74_modern,wpn_ak74m,wpn_ak74m_alt,wpn_ak74m_camo,wpn_ak74m_custom,wpn_ak74m_duty,wpn_ak74u,wpn_ak74u_camo,wpn_ak74u_custom,wpn_akms_alt,wpn_bizon,wpn_pkp_siber,wpn_rpk74,wpn_saiga12s_m1,wpn_sks_molot,wpn_svu,wpn_svu_alt,wpn_svu_nimble,wpn_val,wpn_vihr,wpn_vintorez_n1
1p76,wpn_9a91,wpn_abakan_n,wpn_aek,wpn_ak101,wpn_ak101_camo,wpn_ak103,wpn_ak103_camo,wpn_ak105,wpn_ak74,wpn_ak74_alt,wpn_ak74_custom,wpn_ak74_modern,wpn_ak74_n,wpn_ak74_pmc,wpn_ak74m,wpn_ak74m_alt,wpn_ak74m_beard,wpn_ak74m_camo,wpn_ak74m_custom,wpn_ak74m_duty,wpn_ak74m_n,wpn_ak74u,wpn_ak74u_camo,wpn_ak74u_custom,wpn_ak74u_n1,wpn_ak74u_tac,wpn_akms_alt,wpn_bizon,wpn_pkp_siber,wpn_rpk74,wpn_saiga12s_m1,wpn_sks_molot,wpn_sks_tac,wpn_svu,wpn_svu_alt,wpn_svu_nimble,wpn_val,wpn_val_modern,wpn_val_tac,wpn_vihr,wpn_vintorez_m1,wpn_vintorez_m2,wpn_vintorez_n1,wpn_vsk94
1p78gs,wpn_9a91,wpn_abakan_n,wpn_aek,wpn_ak101,wpn_ak101_camo,wpn_ak103,wpn_ak103_camo,wpn_ak105,wpn_ak105_sp,wpn_ak74,wpn_ak74_alt,wpn_ak74_custom,wpn_ak74_modern,wpn_ak74_n,wpn_ak74_pmc,wpn_ak74m,wpn_ak74m_alt,wpn_ak74m_beard,wpn_ak74m_camo,wpn_ak74m_custom,wpn_ak74m_duty,wpn_ak74m_n,wpn_ak74u,wpn_ak74u_camo,wpn_ak74u_custom,wpn_ak74u_n1,wpn_ak74u_tac,wpn_akms_alt,wpn_bizon,wpn_pkp_siber,wpn_rpk74,wpn_saiga12s_m1,wpn_sks_molot,wpn_sks_tac,wpn_svd_m1,wpn_svds,wpn_svu,wpn_svu_alt,wpn_svu_nimble,wpn_val,wpn_val_modern,wpn_val_tac,wpn_vihr,wpn_vintorez_m1,wpn_vintorez_n1,wpn_vsk94
1p87,wpn_ak104_alfa,wpn_ak12_m1,wpn_ak74_pmc,wpn_ash12,wpn_eft_rsh12,wpn_groza_nimble,wpn_pkm_zenit_siber,wpn_pp2000,wpn_rpk74_16,wpn_saiga12s_isg,wpn_saiga12s_m2,wpn_sr2_m1,wpn_vityaz,wpn_vssk
1pn93,wpn_9a91,wpn_abakan_n,wpn_aek,wpn_ak101,wpn_ak101_camo,wpn_ak103,wpn_ak103_camo,wpn_ak105,wpn_ak105_sp,wpn_ak74,wpn_ak74_alt,wpn_ak74_custom,wpn_ak74_modern,wpn_ak74_n,wpn_ak74_pmc,wpn_ak74m,wpn_ak74m_alt,wpn_ak74m_beard,wpn_ak74m_camo,wpn_ak74m_custom,wpn_ak74m_duty,wpn_ak74m_n,wpn_ak74u,wpn_ak74u_camo,wpn_ak74u_custom,wpn_ak74u_n1,wpn_ak74u_tac,wpn_akms_alt,wpn_bizon,wpn_pkp_siber,wpn_rpk74,wpn_saiga12s_m1,wpn_saiga12s_m2,wpn_sks_molot,wpn_sks_tac,wpn_svd_m1,wpn_svds,wpn_svu,wpn_svu_alt,wpn_svu_nimble,wpn_val,wpn_val_modern,wpn_val_tac,wpn_vihr,wpn_vintorez_isg,wpn_vintorez_m1,wpn_vintorez_m2,wpn_vintorez_n1,wpn_vsk94
1pn93n2_1gs,wpn_9a91,wpn_abakan_n,wpn_aek,wpn_ak101,wpn_ak101_camo,wpn_ak103,wpn_ak103_camo,wpn_ak105,wpn_ak105_shakal,wpn_ak105_sp,wpn_ak105_swamp,wpn_ak74,wpn_ak74_alt,wpn_ak74_custom,wpn_ak74_modern,wpn_ak74_n,wpn_ak74_pmc,wpn_ak74m,wpn_ak74m_alt,wpn_ak74m_beard,wpn_ak74m_camo,wpn_ak74m_custom,wpn_ak74m_duty,wpn_ak74m_n,wpn_ak74u,wpn_ak74u_camo,wpn_ak74u_custom,wpn_ak74u_n1,wpn_ak74u_tac,wpn_akms_alt,wpn_bizon,wpn_pkp_siber,wpn_rpk74,wpn_saiga12s_m1,wpn_saiga12s_m2,wpn_sks_molot,wpn_sks_tac,wpn_svd_m1,wpn_svds,wpn_svu,wpn_svu_alt,wpn_svu_nimble,wpn_val,wpn_val_modern,wpn_val_tac,wpn_vihr,wpn_vintorez_isg,wpn_vintorez_m1,wpn_vintorez_m2,wpn_vintorez_n1,wpn_vsk94
226sig_kit,wpn_sig226
23_up,wpn_ks23
5c_tik,wpn_ak5c_bas
ac10632,wpn_ace21,wpn_ace52,wpn_adar2_15,wpn_ak102,wpn_ak104_alfa,wpn_ak105_shakal,wpn_ak105_swamp,wpn_ak12,wpn_ak12_custom,wpn_ak12_m1,wpn_ak5c_bas,wpn_ak5c_bas_5c_tik,wpn_ak5c_isg,wpn_ak74_isg,wpn_ak74m_beard,wpn_ak74u_isg,wpn_ak74u_m1_isg,wpn_ak74u_tac,wpn_akm_alfa,wpn_akm_isg,wpn_am17,wpn_amb17,wpn_ar15_freedom,wpn_aug_a3,wpn_aug_a3_bas,wpn_aug_custom,wpn_aug_freedom,wpn_aug_merc,wpn_aug_modern,wpn_benelli_m1014,wpn_brn180,wpn_dtmdr,wpn_dtmdr_black,wpn_eft_rsh12,wpn_fal,wpn_fal_sa58_osw,wpn_famas3,wpn_fn2000_nimble,wpn_g3,wpn_g36_camo,wpn_g36_nimble,wpn_g36c_rwap,wpn_g36k,wpn_g36k_rwap,wpn_g36ka4_rwap,wpn_g36nimble_rwap,wpn_glock17_m1,wpn_groza_nimble,wpn_hk416,wpn_howa20,wpn_kriss_vector,wpn_ksg23,wpn_l85_m2,wpn_l85_m3,wpn_lr300,wpn_lr300_camo,wpn_lr300_custom,wpn_m16,wpn_m249,wpn_m4,wpn_m4_butcher,wpn_m4_ru556,wpn_m4_tac,wpn_m4a1,wpn_m4a1_camo,wpn_m4a1_custom,wpn_m4a1_freedom,wpn_m4a1_siber,wpn_mk14,wpn_mk47,wpn_mossberg590_rail,wpn_mp153_m1,wpn_mp155,wpn_mp412,wpn_mp5,wpn_mp5_alt,wpn_mp5_custom,wpn_mp5_nimble,wpn_mp5sd,wpn_mp5sd_custom,wpn_mp5sd_new,wpn_mp7,wpn_mp9,wpn_p90gamma,wpn_pkm_zenit_siber,wpn_pp2000,wpn_remington870,wpn_rpk74_16,wpn_rpk74_16_drum,wpn_saiga12s_isg,wpn_saiga12s_m2,wpn_scar,wpn_scar_custom,wpn_scar_new,wpn_scar_siber,wpn_scar_siber_black,wpn_scar_siber_m1,wpn_scar_siber_m1_black,wpn_scar_siber_m2,wpn_scar_siber_m2_custom,wpn_sig550,wpn_sig550_camo,wpn_sig550_custom,wpn_sig550_luckygun,wpn_sig552,wpn_sks_tac,wpn_sr25,wpn_sr2_m1,wpn_toz106_m1,wpn_udp9,wpn_ump45,wpn_ump45_custom,wpn_vintorez_m1,wpn_vintorez_m2,wpn_vityaz,wpn_vssk,wpn_xm8
ac11090,wpn_xm8
acog,wpn_ace21,wpn_ace52,wpn_adar2_15,wpn_ak102,wpn_ak104_alfa,wpn_ak105_shakal,wpn_ak105_swamp,wpn_ak12,wpn_ak12_custom,wpn_ak12_m1,wpn_ak5c_bas,wpn_ak5c_bas_5c_tik,wpn_ak5c_isg,wpn_ak74_isg,wpn_ak74_pmc,wpn_ak74u_isg,wpn_ak74u_m1_isg,wpn_akm_alfa,wpn_akm_isg,wpn_am17,wpn_amb17,wpn_ar15_freedom,wpn_ash12,wpn_aug_a3,wpn_aug_a3_bas,wpn_aug_custom,wpn_aug_freedom,wpn_aug_merc,wpn_aug_modern,wpn_benelli_m1014,wpn_brn180,wpn_dtmdr,wpn_dtmdr_black,wpn_dvl10,wpn_dvl10_m1,wpn_fal,wpn_fal_sa58_osw,wpn_famas3,wpn_fn2000_nimble,wpn_g3,wpn_g36_camo,wpn_g36_nimble,wpn_g36c_rwap,wpn_g36k,wpn_g36k_rwap,wpn_g36ka4_rwap,wpn_g36nimble_rwap,wpn_groza_nimble,wpn_hk416,wpn_hk417,wpn_howa20,wpn_kriss_vector,wpn_ksg23,wpn_l85_m2,wpn_l85_m3,wpn_lr300,wpn_lr300_camo,wpn_lr300_custom,wpn_m16,wpn_m249,wpn_m4,wpn_m4_butcher,wpn_m4_ru556,wpn_m4_tac,wpn_m4a1,wpn_m4a1_camo,wpn_m4a1_custom,wpn_m4a1_freedom,wpn_m4a1_siber,wpn_mk14,wpn_mk47,wpn_mossberg590_rail,wpn_mp155,wpn_mp5,wpn_mp5_alt,wpn_mp5_custom,wpn_mp5_nimble,wpn_mp5sd,wpn_mp5sd_custom,wpn_mp5sd_new,wpn_mp7,wpn_p90gamma,wpn_pkm_zenit_siber,wpn_pp2000,wpn_raptr,wpn_rpk74_16,wpn_rpk74_16_drum,wpn_saiga12s_isg,wpn_saiga12s_m2,wpn_scar,wpn_scar_custom,wpn_scar_new,wpn_scar_siber,wpn_scar_siber_black,wpn_scar_siber_m1,wpn_scar_siber_m1_black,wpn_scar_siber_m2,wpn_scar_siber_m2_custom,wpn_sig550,wpn_sig550_camo,wpn_sig550_custom,wpn_sig550_luckygun,wpn_sig552,wpn_sr25,wpn_sr2_m1,wpn_svds_pmc,wpn_udp9,wpn_ump45,wpn_ump45_custom,wpn_vintorez_isg,wpn_vintorez_m1,wpn_vintorez_m2,wpn_vityaz,wpn_vssk,wpn_xm4,wpn_xm8
ado,wpn_ak104_alfa,wpn_ak105_shakal,wpn_ak105_swamp,wpn_amb17,wpn_aug_merc,wpn_dvl10,wpn_dvl10_m1,wpn_groza_nimble,wpn_vssk
aim_acro,wpn_ak104_alfa,wpn_ak105_shakal,wpn_ak105_swamp,wpn_akm_alfa,wpn_amb17,wpn_aug_freedom,wpn_aug_merc,wpn_eft_rsh12,wpn_fn2000_nimble,wpn_g36ka4_rwap,wpn_ksg23,wpn_mp7,wpn_raptr,wpn_sr2_m1,wpn_ump45_custom
aim_low,wpn_ak12_custom,wpn_ak5c_isg,wpn_ak74m_beard,wpn_ak74u_tac,wpn_am17,wpn_amb17,wpn_aug_freedom,wpn_eft_rsh12,wpn_fn57,wpn_glock17_m1,wpn_mossberg590_rail,wpn_mp153_m1,wpn_mp7,wpn_p90,wpn_p90gamma,wpn_pp2000,wpn_saiga12s_isg,wpn_saiga12s_m2,wpn_scar_siber_m2_custom,wpn_sks_tac,wpn_sr2_m1,wpn_toz106_m1,wpn_usp_tac,wpn_usp_tac_45,wpn_vintorez_m1,wpn_vintorez_m2
aimpoint,wpn_ace52,wpn_adar2_15,wpn_ak104_alfa,wpn_ak105_shakal,wpn_ak105_swamp,wpn_ak12_custom,wpn_ak5c_bas,wpn_ak5c_bas_5c_tik,wpn_ak5c_isg,wpn_ak74_pmc,wpn_akm_alfa,wpn_am17,wpn_amb17,wpn_ar15_freedom,wpn_ash12,wpn_aug_a3_bas,wpn_aug_merc,wpn_aug_modern,wpn_brn180,wpn_dtmdr,wpn_dtmdr_black,wpn_eft_rsh12,wpn_fal_sa58_osw,wpn_fn2000_nimble,wpn_g36c_rwap,wpn_g36k_rwap,wpn_g36ka4_rwap,wpn_g36nimble_rwap,wpn_groza_nimble,wpn_howa20,wpn_kriss_vector,wpn_ksg23,wpn_l85_m2,wpn_l85_m3,wpn_m4_butcher,wpn_m4_ru556,wpn_m4_tac,wpn_m4a1_siber,wpn_mk47,wpn_mp5,wpn_mp5_alt,wpn_mp5_custom,wpn_mp5_nimble,wpn_mp5sd,wpn_mp5sd_custom,wpn_mp5sd_new,wpn_pkm_zenit_siber,wpn_pp2000,wpn_raptr,wpn_rpk74_16,wpn_saiga12s_isg,wpn_saiga12s_m2,wpn_scar_siber,wpn_scar_siber_black,wpn_scar_siber_m1,wpn_scar_siber_m1_black,wpn_scar_siber_m2,wpn_scar_siber_m2_custom,wpn_sig550,wpn_sig550_camo,wpn_sig550_custom,wpn_sr25,wpn_sr2_m1,wpn_udp9,wpn_ump45,wpn_ump45_custom,wpn_vintorez_m1,wpn_vintorez_m2,wpn_vityaz
apsabigo,wpn_aps_bas,wpn_aps_bas_apsabigo
archangel,wpn_remington700,wpn_remington700_archangel
bossxe,wpn_ace52,wpn_ak104_alfa,wpn_ak12_m1,wpn_ak5c_bas,wpn_benelli_m1014,wpn_g36ka4_rwap,wpn_l85_m2,wpn_m249,wpn_mossberg590_rail,wpn_mp5,wpn_mp5_alt,wpn_mp5_custom,wpn_mp5_nimble,wpn_mp5sd,wpn_mp5sd_custom,wpn_mp5sd_new,wpn_mp7,wpn_mp9,wpn_pp2000,wpn_rpk74_16,wpn_saiga12s_m2,wpn_scar_siber,wpn_sig550,wpn_sig550_camo,wpn_ump45_custom,wpn_vityaz,wpn_vssk
bravo4,wpn_ak105_shakal,wpn_ak105_swamp,wpn_m4_ru556
c-more,wpn_ace52,wpn_ak104_alfa,wpn_ak105_shakal,wpn_ak105_swamp,wpn_ak12_custom,wpn_ak12_m1,wpn_ak5c_bas,wpn_ak5c_bas_5c_tik,wpn_ak5c_isg,wpn_ak74_isg,wpn_ak74_pmc,wpn_ak74m_beard,wpn_ak74u_isg,wpn_ak74u_m1_isg,wpn_ak74u_tac,wpn_akm_alfa,wpn_akm_isg,wpn_am17,wpn_amb17,wpn_ar15_freedom,wpn_aug_a3,wpn_aug_a3_bas,wpn_aug_custom,wpn_aug_freedom,wpn_aug_merc,wpn_aug_modern,wpn_benelli_m1014,wpn_brn180,wpn_dtmdr,wpn_dtmdr_black,wpn_eft_rsh12,wpn_fal,wpn_fal_sa58_osw,wpn_fn2000_nimble,wpn_g36_camo,wpn_g36_nimble,wpn_g36c_rwap,wpn_g36k,wpn_g36k_rwap,wpn_g36ka4_rwap,wpn_g36nimble_rwap,wpn_glock17_m1,wpn_groza_nimble,wpn_howa20,wpn_kriss_vector,wpn_ksg23,wpn_l85_m2,wpn_l85_m3,wpn_m4_butcher,wpn_m4_ru556,wpn_m4_tac,wpn_m4a1_siber,wpn_mk14,wpn_mk47,wpn_mossberg590_rail,wpn_mp153_m1,wpn_mp155,wpn_mp412,wpn_mp7,wpn_mp9,wpn_pkm_zenit_siber,wpn_pp2000,wpn_remington870,wpn_rpk74_16,wpn_rpk74_16_drum,wpn_saiga12s_isg,wpn_saiga12s_m2,wpn_scar_siber,wpn_scar_siber_black,wpn_scar_siber_m1,wpn_scar_siber_m1_black,wpn_scar_siber_m2,wpn_scar_siber_m2_custom,wpn_sig550,wpn_sig550_camo,wpn_sig550_custom,wpn_sig550_luckygun,wpn_sig552,wpn_sks_tac,wpn_sr25,wpn_sr2_m1,wpn_toz106_m1,wpn_udp9,wpn_ump45,wpn_ump45_custom,wpn_vintorez_m1,wpn_vintorez_m2,wpn_vityaz,wpn_vssk,wpn_xm8
c79,wpn_ak104_alfa,wpn_ak105_shakal,wpn_ak105_swamp,wpn_ak12_m1,wpn_ak5c_bas_5c_tik,wpn_ak74_pmc,wpn_amb17,wpn_aug_merc,wpn_benelli_m1014,wpn_brn180,wpn_g36ka4_rwap,wpn_groza_nimble,wpn_kriss_vector,wpn_ksg23,wpn_l85_m2,wpn_m249,wpn_m4_ru556,wpn_mp5,wpn_mp5_alt,wpn_mp5_custom,wpn_mp5_nimble,wpn_mp5sd,wpn_mp5sd_custom,wpn_mp5sd_new,wpn_mp7
compm4s,wpn_ace52,wpn_adar2_15,wpn_ak104_alfa,wpn_ak12_custom,wpn_ak12_m1,wpn_ak5c_bas,wpn_ak5c_bas_5c_tik,wpn_ak5c_isg,wpn_ak74_isg,wpn_ak74m_beard,wpn_ak74u_isg,wpn_ak74u_m1_isg,wpn_ak74u_tac,wpn_akm_isg,wpn_am17,wpn_amb17,wpn_ar15_freedom,wpn_ash12,wpn_aug_a3_bas,wpn_aug_merc,wpn_aug_modern,wpn_dtmdr,wpn_dtmdr_black,wpn_eft_rsh12,wpn_fn2000_nimble,wpn_g36c_rwap,wpn_g36k_rwap,wpn_g36ka4_rwap,wpn_g36nimble_rwap,wpn_groza_nimble,wpn_kriss_vector,wpn_l85_m2,wpn_l85_m3,wpn_m4_butcher,wpn_m4_ru556,wpn_m4a1_siber,wpn_p90,wpn_scar_siber_black,wpn_scar_siber_m1,wpn_scar_siber_m1_black,wpn_scar_siber_m2,wpn_scar_siber_m2_custom,wpn_sks_tac,wpn_ump45,wpn_vintorez_m1,wpn_vintorez_m2
cortex,wpn_ak104_alfa,wpn_ak105_shakal,wpn_ak105_swamp,wpn_amb17,wpn_ash12,wpn_aug_merc,wpn_dvl10,wpn_dvl10_m1,wpn_fal_sa58_osw,wpn_l85_m2,wpn_m4_ru556,wpn_vssk
d0cter,wpn_ace52,wpn_ak104_alfa,wpn_ak12_custom,wpn_ak5c_bas,wpn_ak5c_bas_5c_tik,wpn_ak5c_isg,wpn_ak74_isg,wpn_ak74_pmc,wpn_ak74m_beard,wpn_ak74u_isg,wpn_ak74u_m1_isg,wpn_ak74u_tac,wpn_akm_isg,wpn_benelli_m1014,wpn_brn180,wpn_desert_eagle,wpn_desert_eagle_nimble,wpn_eft_rsh12,wpn_fal_sa58_osw,wpn_fn57,wpn_glock17_m1,wpn_groza_nimble,wpn_korth_custom,wpn_ksg23,wpn_mk47,wpn_mossberg590_rail,wpn_mp153_m1,wpn_mp412,wpn_mp7,wpn_mp9,wpn_p90gamma,wpn_pkm_zenit_siber,wpn_pp2000,wpn_rpk74_16,wpn_saiga12s_isg,wpn_saiga12s_m2,wpn_scar_siber_m2_custom,wpn_sks_tac,wpn_sr2_m1,wpn_toz106_m1,wpn_usp_tac,wpn_usp_tac_45,wpn_vintorez_m1,wpn_vintorez_m2
deltapoint,wpn_ace52,wpn_ak12_custom,wpn_ak5c_bas,wpn_ak5c_bas_5c_tik,wpn_ak5c_isg,wpn_ak74_isg,wpn_ak74_pmc,wpn_ak74m_beard,wpn_ak74u_isg,wpn_ak74u_m1_isg,wpn_ak74u_tac,wpn_akm_isg,wpn_am17,wpn_benelli_m1014,wpn_brn180,wpn_desert_eagle,wpn_desert_eagle_nimble,wpn_eft_rsh12,wpn_fal_sa58_osw,wpn_fn57,wpn_glock17_m1,wpn_groza_nimble,wpn_korth_custom,wpn_ksg23,wpn_mk47,wpn_mp153_m1,wpn_mp412,wpn_mp7,wpn_mp9,wpn_pkm_zenit_siber,wpn_pp2000,wpn_rpk74_16,wpn_saiga12s_isg,wpn_saiga12s_m2,wpn_scar_siber_m2_custom,wpn_sks_tac,wpn_sr2_m1,wpn_toz106_m1,wpn_usp_tac,wpn_usp_tac_45,wpn_vintorez_m1,wpn_vintorez_m2,wpn_vityaz
devo,wpn_ak5c_bas_5c_tik,wpn_akm_alfa,wpn_brn180,wpn_fal_sa58_osw,wpn_g36ka4_rwap,wpn_m4_ru556
e0t2,wpn_ace52,wpn_adar2_15,wpn_ak104_alfa,wpn_ak105_shakal,wpn_ak105_swamp,wpn_ak12_custom,wpn_ak12_m1,wpn_ak5c_bas,wpn_ak5c_bas_5c_tik,wpn_ak5c_isg,wpn_ak74_isg,wpn_ak74u_isg,wpn_ak74u_m1_isg,wpn_akm_alfa,wpn_akm_isg,wpn_am17,wpn_amb17,wpn_ar15_freedom,wpn_ash12,wpn_aug_a3_bas,wpn_aug_freedom,wpn_aug_merc,wpn_aug_modern,wpn_benelli_m1014,wpn_brn180,wpn_dtmdr,wpn_dtmdr_black,wpn_eft_rsh12,wpn_fal_sa58_osw,wpn_fn2000_nimble,wpn_g36c_rwap,wpn_g36k_rwap,wpn_g36ka4_rwap,wpn_g36nimble_rwap,wpn_groza_nimble,wpn_howa20,wpn_kriss_vector,wpn_ksg23,wpn_l85_m2,wpn_l85_m3,wpn_m249,wpn_m4_butcher,wpn_m4_ru556,wpn_m4_tac,wpn_m4a1_siber,wpn_mk47,wpn_mossberg590_rail,wpn_mp5,wpn_mp5_alt,wpn_mp5_custom,wpn_mp5_nimble,wpn_mp5sd,wpn_mp5sd_custom,wpn_mp5sd_new,wpn_mp7,wpn_mp9,wpn_p90,wpn_p90gamma,wpn_pkm_zenit_siber,wpn_pp2000,wpn_raptr,wpn_rpk74_16,wpn_saiga12s_isg,wpn_saiga12s_m2,wpn_scar_siber,wpn_scar_siber_black,wpn_scar_siber_m1,wpn_scar_siber_m1_black,wpn_scar_siber_m2,wpn_scar_siber_m2_custom,wpn_sig550,wpn_sig550_camo,wpn_sig550_custom,wpn_sks_tac,wpn_sr25,wpn_sr2_m1,wpn_udp9,wpn_ump45,wpn_ump45_custom,wpn_vintorez_m1,wpn_vintorez_m2,wpn_vityaz,wpn_xm4
e0t2_magd,wpn_ace52,wpn_ak105_shakal,wpn_ak105_swamp,wpn_ak5c_bas,wpn_ak5c_bas_5c_tik,wpn_ak74_isg,wpn_ak74u_isg,wpn_ak74u_m1_isg,wpn_akm_alfa,wpn_akm_isg,wpn_amb17,wpn_aug_merc,wpn_benelli_m1014,wpn_fal_sa58_osw,wpn_g36ka4_rwap,wpn_g36nimble_rwap,wpn_groza_nimble,wpn_howa20,wpn_kriss_vector,wpn_ksg23,wpn_l85_m2,wpn_m249,wpn_m4_ru556,wpn_mp5,wpn_mp5_alt,wpn_mp5_custom,wpn_mp5_nimble,wpn_mp5sd,wpn_mp5sd_custom,wpn_mp5sd_new,wpn_mp7
echo1,wpn_ak104_alfa,wpn_ak105_shakal,wpn_ak105_swamp,wpn_ak5c_bas_5c_tik,wpn_akm_alfa,wpn_amb17,wpn_aug_freedom,wpn_aug_merc,wpn_brn180,wpn_fal_sa58_osw,wpn_g36ka4_rwap,wpn_g36nimble_rwap,wpn_groza_nimble,wpn_kriss_vector,wpn_ksg23,wpn_m249,wpn_mp5_nimble,wpn_mp5sd,wpn_mp5sd_custom,wpn_mp5sd_new,wpn_mp7
ekp8_02,wpn_9a91,wpn_abakan_n,wpn_aek,wpn_ak101,wpn_ak101_camo,wpn_ak103,wpn_ak103_camo,wpn_ak105,wpn_ak74,wpn_ak74_alt,wpn_ak74_custom,wpn_ak74_modern,wpn_ak74_n,wpn_ak74_pmc,wpn_ak74m,wpn_ak74m_alt,wpn_ak74m_beard,wpn_ak74m_camo,wpn_ak74m_custom,wpn_ak74m_duty,wpn_ak74m_n,wpn_ak74u,wpn_ak74u_camo,wpn_ak74u_custom,wpn_ak74u_n1,wpn_ak74u_tac,wpn_akms_alt,wpn_bizon,wpn_pkp_siber,wpn_rpk74,wpn_saiga12s_m1,wpn_sks_molot,wpn_sks_tac,wpn_svu,wpn_svu_alt,wpn_svu_nimble,wpn_val,wpn_val_modern,wpn_val_tac,wpn_vihr,wpn_vintorez_m1,wpn_vintorez_m2,wpn_vintorez_n1,wpn_vsk94
ekp8_18,wpn_ace52,wpn_adar2_15,wpn_ak104_alfa,wpn_ak105_shakal,wpn_ak105_swamp,wpn_ak12_custom,wpn_ak12_m1,wpn_ak5c_bas,wpn_ak5c_bas_5c_tik,wpn_ak5c_isg,wpn_ak74_isg,wpn_ak74u_isg,wpn_ak74u_m1_isg,wpn_akm_alfa,wpn_akm_isg,wpn_am17,wpn_amb17,wpn_ar15_freedom,wpn_ash12,wpn_aug_a3_bas,wpn_aug_merc,wpn_aug_modern,wpn_benelli_m1014,wpn_brn180,wpn_dtmdr,wpn_dtmdr_black,wpn_eft_rsh12,wpn_fal_sa58_osw,wpn_fn2000_nimble,wpn_g36c_rwap,wpn_g36k_rwap,wpn_g36ka4_rwap,wpn_g36nimble_rwap,wpn_groza_nimble,wpn_howa20,wpn_kriss_vector,wpn_ksg23,wpn_l85_m2,wpn_l85_m3,wpn_m4_butcher,wpn_m4_ru556,wpn_m4_tac,wpn_m4a1_siber,wpn_mk47,wpn_mossberg590_rail,wpn_mp5,wpn_mp5_alt,wpn_mp5_custom,wpn_mp5_nimble,wpn_mp5sd,wpn_mp5sd_custom,wpn_mp5sd_new,wpn_mp9,wpn_p90,wpn_p90gamma,wpn_pkm_zenit_siber,wpn_raptr,wpn_rpk74_16,wpn_saiga12s_isg,wpn_saiga12s_m2,wpn_scar_siber,wpn_scar_siber_black,wpn_scar_siber_m1,wpn_scar_siber_m1_black,wpn_scar_siber_m2,wpn_scar_siber_m2_custom,wpn_sig550,wpn_sig550_camo,wpn_sig550_custom,wpn_sks_tac,wpn_sr2_m1,wpn_ump45,wpn_ump45_custom,wpn_vintorez_m1,wpn_vintorez_m2,wpn_vityaz,wpn_vssk,wpn_xm4
eot,wpn_ace21,wpn_ace52,wpn_adar2_15,wpn_ak102,wpn_ak12,wpn_ak12_custom,wpn_ak5c_bas,wpn_ak5c_bas_5c_tik,wpn_ak5c_isg,wpn_akm_alfa,wpn_am17,wpn_ar15_freedom,wpn_ash12,wpn_aug_a3,wpn_aug_a3_bas,wpn_aug_custom,wpn_aug_merc,wpn_aug_modern,wpn_benelli_m1014,wpn_brn180,wpn_dtmdr,wpn_dtmdr_black,wpn_eft_rsh12,wpn_fal,wpn_fal_sa58_osw,wpn_famas3,wpn_fn2000_nimble,wpn_g3,wpn_g36_camo,wpn_g36_nimble,wpn_g36c_rwap,wpn_g36k,wpn_g36k_rwap,wpn_g36ka4_rwap,wpn_g36nimble_rwap,wpn_groza_nimble,wpn_hk416,wpn_hk417,wpn_howa20,wpn_kriss_vector,wpn_ksg23,wpn_l85_m2,wpn_l85_m3,wpn_lr300,wpn_lr300_camo,wpn_lr300_custom,wpn_m16,wpn_m249,wpn_m4,wpn_m4_butcher,wpn_m4_ru556,wpn_m4_tac,wpn_m4a1,wpn_m4a1_camo,wpn_m4a1_custom,wpn_m4a1_freedom,wpn_m4a1_siber,wpn_mk14,wpn_mk47,wpn_mossberg590_rail,wpn_mp155,wpn_mp5,wpn_mp5_alt,wpn_mp5_custom,wpn_mp5_nimble,wpn_mp5sd,wpn_mp5sd_custom,wpn_mp5sd_new,wpn_mp7,wpn_mp9,wpn_p90,wpn_p90gamma,wpn_pkm_zenit_siber,wpn_pp2000,wpn_raptr,wpn_remington870,wpn_rpk74_16,wpn_rpk74_16_drum,wpn_saiga12s_isg,wpn_saiga12s_m2,wpn_scar,wpn_scar_custom,wpn_scar_new,wpn_scar_siber,wpn_scar_siber_black,wpn_scar_siber_m1,wpn_scar_siber_m1_black,wpn_scar_siber_m2,wpn_scar_siber_m2_custom,wpn_sig550,wpn_sig550_camo,wpn_sig550_custom,wpn_sig550_luckygun,wpn_sig552,wpn_sks_tac,wpn_sr25,wpn_udp9,wpn_ump45,wpn_ump45_custom,wpn_vintorez_m1,wpn_vintorez_m2,wpn_vityaz,wpn_vssk,wpn_xm4,wpn_xm8
exps3,wpn_ace52,wpn_ak105_shakal,wpn_ak105_swamp,wpn_ak74_isg,wpn_ak74_pmc,wpn_ak74u_isg,wpn_ak74u_m1_isg,wpn_akm_alfa,wpn_akm_isg,wpn_brn180,wpn_eft_rsh12,wpn_g36ka4_rwap,wpn_kriss_vector,wpn_m249,wpn_m4_tac,wpn_mk47,wpn_mp9,wpn_scar_siber,wpn_sr25,wpn_udp9
gauss_sight,wpn_ace52,wpn_ak104_alfa,wpn_ak105_shakal,wpn_ak105_swamp,wpn_ak12_custom,wpn_ak12_m1,wpn_ak5c_bas,wpn_ak5c_bas_5c_tik,wpn_ak5c_isg,wpn_ak74_isg,wpn_ak74u_isg,wpn_ak74u_m1_isg,wpn_akm_alfa,wpn_akm_isg,wpn_amb17,wpn_ar15_freedom,wpn_ash12,wpn_ash12_sup,wpn_aug_a3_bas,wpn_aug_merc,wpn_brn180,wpn_dtmdr_black,wpn_dtmdr_black_sup,wpn_dvl10,wpn_dvl10_m1,wpn_fal_sa58_osw,wpn_fn2000_nimble,wpn_g36ka4_rwap,wpn_g36nimble_rwap,wpn_groza_nimble,wpn_howa20,wpn_l85_m2,wpn_l85_m3,wpn_m4_butcher,wpn_m4_ru556,wpn_m4_tac,wpn_m4a1_siber,wpn_mk47,wpn_pkm_zenit_siber,wpn_rpk74_16,wpn_rpk74_16_drum,wpn_scar_siber,wpn_scar_siber_black,wpn_scar_siber_m1,wpn_scar_siber_m1_black,wpn_scar_siber_m2,wpn_scar_siber_m2_custom,wpn_sig550,wpn_sig550_camo,wpn_sig550_custom,wpn_sr25,wpn_svds_pmc,wpn_vintorez_isg,wpn_vintorez_m1,wpn_vintorez_m2,wpn_vssk
gee36,wpn_ace52,wpn_ak12_m1,wpn_amb17,wpn_ash12,wpn_aug_merc,wpn_brn180,wpn_dtmdr_black,wpn_fal_sa58_osw,wpn_fn2000_nimble,wpn_ksg23,wpn_m4_ru556,wpn_m4_tac,wpn_m4a1_siber,wpn_raptr,wpn_rpk74_16,wpn_scar_siber,wpn_sig550_custom,wpn_svds_pmc,wpn_vintorez_isg
gurza_up,wpn_sr1m,wpn_sr1m_gurza_up,wpn_sr1m_sr1upgr1
hamr,wpn_ace52,wpn_ak105_shakal,wpn_ak105_swamp,wpn_aug_merc,wpn_brn180,wpn_fn2000_nimble,wpn_groza_nimble,wpn_ksg23,wpn_mossberg590_rail
hco,wpn_ak104_alfa,wpn_ak5c_bas,wpn_ak5c_bas_5c_tik,wpn_ak74_pmc,wpn_akm_alfa,wpn_amb17,wpn_aug_freedom,wpn_eft_rsh12,wpn_fal_sa58_osw,wpn_g36nimble_rwap,wpn_groza_nimble,wpn_ksg23,wpn_m249,wpn_m4_tac,wpn_mk47,wpn_mossberg590_rail,wpn_scar_siber,wpn_sig550,wpn_sig550_camo,wpn_sig550_custom,wpn_sr2_m1,wpn_udp9
he510,wpn_ace52,wpn_adar2_15,wpn_ak105_shakal,wpn_ak105_swamp,wpn_ak5c_bas,wpn_ak5c_bas_5c_tik,wpn_ak74_isg,wpn_ak74u_isg,wpn_ak74u_m1_isg,wpn_akm_alfa,wpn_akm_isg,wpn_ash12,wpn_aug_freedom,wpn_aug_merc,wpn_brn180,wpn_dtmdr_black,wpn_eft_rsh12,wpn_fal_sa58_osw,wpn_fn2000_nimble,wpn_howa20,wpn_ksg23,wpn_m249,wpn_m4_tac,wpn_mk47,wpn_mp5,wpn_mp5_alt,wpn_mp5_custom,wpn_mp5_nimble,wpn_mp5sd,wpn_mp5sd_custom,wpn_mp5sd_new,wpn_mp9,wpn_p90gamma,wpn_rpk74_16,wpn_saiga12s_isg,wpn_scar_siber,wpn_sig550,wpn_sig550_camo,wpn_sig550_custom,wpn_udp9,wpn_ump45_custom,wpn_vityaz
infiltrator_tactical_kit,wpn_aug_freedom
kab_up,wpn_ks23_kaban
kashtan_rmr,wpn_ak74_pmc,wpn_ak74m_beard,wpn_ak74u_tac,wpn_sks_tac
kemper,wpn_ace52,wpn_adar2_15,wpn_ak104_alfa,wpn_ak105_shakal,wpn_ak105_swamp,wpn_ak12_custom,wpn_ak12_m1,wpn_ak5c_bas,wpn_ak5c_bas_5c_tik,wpn_ak5c_isg,wpn_ak74_isg,wpn_ak74_pmc,wpn_ak74m_beard,wpn_ak74u_isg,wpn_ak74u_m1_isg,wpn_ak74u_tac,wpn_akm_alfa,wpn_akm_isg,wpn_am17,wpn_amb17,wpn_ar15_freedom,wpn_aug_a3_bas,wpn_aug_merc,wpn_aug_modern,wpn_brn180,wpn_fal_sa58_osw,wpn_fn2000_nimble,wpn_g36c_rwap,wpn_g36k_rwap,wpn_g36ka4_rwap,wpn_g36nimble_rwap,wpn_groza_nimble,wpn_howa20,wpn_kriss_vector,wpn_ksg23,wpn_l85_m2,wpn_l85_m3,wpn_m4_butcher,wpn_m4_ru556,wpn_m4_tac,wpn_m4a1_siber,wpn_mk47,wpn_mp7,wpn_mp9,wpn_p90,wpn_p90gamma,wpn_pkm_zenit_siber,wpn_pp2000,wpn_raptr,wpn_rpk74_16,wpn_saiga12s_isg,wpn_saiga12s_m2,wpn_scar_siber,wpn_scar_siber_black,wpn_scar_siber_m1,wpn_scar_siber_m1_black,wpn_scar_siber_m2,wpn_scar_siber_m2_custom,wpn_sig550,wpn_sig550_camo,wpn_sig550_custom,wpn_sks_tac,wpn_sr25,wpn_sr2_m1,wpn_ump45,wpn_ump45_custom,wpn_vintorez_m1,wpn_vintorez_m2,wpn_vityaz
kit_aus_tri,wpn_fal_aus
kit_fal_leup,wpn_fal_aus
kit_sa5x_spec,wpn_fal_aus
kobra,wpn_9a91,wpn_abakan,wpn_abakan_camo,wpn_abakan_n,wpn_ak101,wpn_ak101_camo,wpn_ak102,wpn_ak103,wpn_ak103_camo,wpn_ak104,wpn_ak105,wpn_ak74,wpn_ak74_alt,wpn_ak74_custom,wpn_ak74_modern,wpn_ak74_n,wpn_ak74_pmc,wpn_ak74m,wpn_ak74m_alt,wpn_ak74m_beard,wpn_ak74m_camo,wpn_ak74m_custom,wpn_ak74m_duty,wpn_ak74m_n,wpn_ak74u,wpn_ak74u_camo,wpn_ak74u_custom,wpn_ak74u_n1,wpn_ak74u_tac,wpn_akm,wpn_akms,wpn_akms_alt,wpn_aks74,wpn_aks74_new,wpn_bizon,wpn_pkp_siber,wpn_rpk74,wpn_saiga12s,wpn_saiga12s_m1,wpn_sks_molot,wpn_sks_tac,wpn_svd,wpn_svd_custom,wpn_svu,wpn_svu_alt,wpn_svu_nimble,wpn_val,wpn_val_modern,wpn_val_tac,wpn_vepr,wpn_vihr,wpn_vintorez,wpn_vintorez_alt,wpn_vintorez_m1,wpn_vintorez_m2,wpn_vintorez_n1,wpn_vsk94
kp_sr2,wpn_sr2_m1,wpn_sr2_veresk
lapua700,wpn_remington700,wpn_remington700_archangel
lazup_pl15,wpn_desert_eagle_nimble,wpn_fn57,wpn_fnx45_custom,wpn_glock17_m1,wpn_glock_modern,wpn_korth_custom,wpn_pl15,wpn_pl15_pl15_scolaz,wpn_pl15_tan,wpn_pl15_tan_pl15_scolaz,wpn_sig226_226sig_kit
lco1,wpn_ak5c_bas,wpn_ak5c_bas_5c_tik,wpn_ak74_isg,wpn_ak74u_isg,wpn_ak74u_m1_isg,wpn_akm_alfa,wpn_akm_isg,wpn_aug_freedom,wpn_brn180,wpn_eft_rsh12,wpn_fal_sa58_osw,wpn_g36ka4_rwap,wpn_howa20,wpn_kriss_vector,wpn_m249,wpn_m4_ru556,wpn_m4_tac,wpn_mp7,wpn_sr25,wpn_udp9,wpn_vityaz
leupold,wpn_ace52,wpn_adar2_15,wpn_ak104_alfa,wpn_ak105_shakal,wpn_ak105_swamp,wpn_ak12_custom,wpn_ak12_m1,wpn_ak5c_bas,wpn_ak5c_bas_5c_tik,wpn_ak5c_isg,wpn_ak74_isg,wpn_ak74_pmc,wpn_ak74u_isg,wpn_ak74u_m1_isg,wpn_akm_alfa,wpn_akm_isg,wpn_am17,wpn_amb17,wpn_ar15_freedom,wpn_ash12,wpn_aug_a3_bas,wpn_aug_merc,wpn_aug_modern,wpn_brn180,wpn_dtmdr,wpn_dtmdr_black,wpn_dvl10,wpn_dvl10_m1,wpn_fal_sa58_osw,wpn_fn2000_nimble,wpn_g36c_rwap,wpn_g36k_rwap,wpn_g36ka4_rwap,wpn_g36nimble_rwap,wpn_groza_nimble,wpn_howa20,wpn_l85_m2,wpn_l85_m3,wpn_m4_butcher,wpn_m4_ru556,wpn_m4_tac,wpn_m4a1_siber,wpn_mk47,wpn_pkm_zenit_siber,wpn_rpk74_16,wpn_rpk74_16_drum,wpn_scar_siber,wpn_scar_siber_black,wpn_scar_siber_m1,wpn_scar_siber_m1_black,wpn_scar_siber_m2,wpn_scar_siber_m2_custom,wpn_sig550,wpn_sig550_camo,wpn_sig550_custom,wpn_sr25,wpn_svds_pmc,wpn_ump45,wpn_vintorez_isg,wpn_vintorez_m1,wpn_vintorez_m2,wpn_vssk
magpul_pro,wpn_remington700,wpn_remington700_archangel
march_f_shorty,wpn_ace52,wpn_ak105_shakal,wpn_ak105_swamp,wpn_ak5c_bas,wpn_ak5c_bas_5c_tik,wpn_ak74_isg,wpn_ak74u_isg,wpn_ak74u_m1_isg,wpn_akm_isg,wpn_brn180,wpn_fal_sa58_osw,wpn_g36nimble_rwap,wpn_howa20,wpn_l85_m2,wpn_m249,wpn_mp412
march_f_shorty_alt,wpn_ace52,wpn_ak105_shakal,wpn_ak105_swamp,wpn_ak5c_bas,wpn_ak5c_bas_5c_tik,wpn_ak74_isg,wpn_ak74u_isg,wpn_ak74u_m1_isg,wpn_akm_isg,wpn_brn180,wpn_fal_sa58_osw,wpn_g36nimble_rwap,wpn_howa20,wpn_l85_m2,wpn_m249
marchf,wpn_ace52,wpn_adar2_15,wpn_ak104_alfa,wpn_ak105_shakal,wpn_ak105_swamp,wpn_ak12_custom,wpn_ak5c_isg,wpn_ak74_isg,wpn_ak74u_isg,wpn_ak74u_m1_isg,wpn_akm_alfa,wpn_akm_isg,wpn_ar15_freedom,wpn_aug_a3_bas,wpn_aug_merc,wpn_aug_modern,wpn_brn180,wpn_dtmdr,wpn_dtmdr_black,wpn_dvl10,wpn_dvl10_m1,wpn_fal_sa58_osw,wpn_howa20,wpn_l85_m3,wpn_m4_butcher,wpn_m4_tac,wpn_mk47,wpn_rpk74_16,wpn_scar_siber,wpn_scar_siber_black,wpn_scar_siber_m1,wpn_scar_siber_m1_black,wpn_scar_siber_m2,wpn_scar_siber_m2_custom,wpn_sig550,wpn_sig550_camo,wpn_sig550_custom,wpn_sr25,wpn_svds_pmc,wpn_ump45,wpn_vintorez_isg,wpn_vintorez_m1,wpn_vintorez_m2,wpn_vssk
mark8_rmr,wpn_ace52,wpn_ak104_alfa,wpn_ak105_shakal,wpn_ak105_swamp,wpn_ak12_custom,wpn_ak12_m1,wpn_ak5c_bas,wpn_ak5c_bas_5c_tik,wpn_ak74_isg,wpn_ak74_pmc,wpn_ak74u_isg,wpn_ak74u_m1_isg,wpn_akm_alfa,wpn_akm_isg,wpn_am17,wpn_amb17,wpn_ash12,wpn_aug_a3_bas,wpn_aug_merc,wpn_brn180,wpn_fal_sa58_osw,wpn_fn2000_nimble,wpn_g36ka4_rwap,wpn_g36nimble_rwap,wpn_howa20,wpn_l85_m2,wpn_m4_tac,wpn_m4a1_siber,wpn_mk47,wpn_rpk74_16,wpn_rpk74_16_drum,wpn_scar_siber,wpn_scar_siber_black,wpn_scar_siber_m1,wpn_scar_siber_m1_black,wpn_scar_siber_m2_custom,wpn_ump45,wpn_vintorez_m2
mauser_kit,wpn_k98
mepro,wpn_ace52,wpn_adar2_15,wpn_ak105_shakal,wpn_ak105_swamp,wpn_ak12_custom,wpn_ak12_m1,wpn_ak5c_bas,wpn_ak5c_bas_5c_tik,wpn_ak5c_isg,wpn_ak74_pmc,wpn_ak74u_tac,wpn_akm_alfa,wpn_am17,wpn_amb17,wpn_ar15_freedom,wpn_aug_a3_bas,wpn_aug_merc,wpn_aug_modern,wpn_brn180,wpn_dtmdr,wpn_fal_sa58_osw,wpn_fn2000_nimble,wpn_g36c_rwap,wpn_g36k_rwap,wpn_g36ka4_rwap,wpn_g36nimble_rwap,wpn_groza_nimble,wpn_kriss_vector,wpn_ksg23,wpn_l85_m2,wpn_l85_m3,wpn_m249,wpn_m4_butcher,wpn_m4_ru556,wpn_m4a1_siber,wpn_mp5,wpn_mp5_alt,wpn_mp5_custom,wpn_mp5_nimble,wpn_mp5sd,wpn_mp5sd_custom,wpn_mp5sd_new,wpn_mp9,wpn_p90,wpn_p90gamma,wpn_pkm_zenit_siber,wpn_raptr,wpn_rpk74_16,wpn_saiga12s_isg,wpn_saiga12s_m2,wpn_scar_siber,wpn_scar_siber_black,wpn_scar_siber_m1,wpn_scar_siber_m1_black,wpn_scar_siber_m2,wpn_scar_siber_m2_custom,wpn_sig550,wpn_sig550_camo,wpn_sig550_custom,wpn_sks_tac,wpn_sr25,wpn_sr2_m1,wpn_ump45,wpn_ump45_custom,wpn_vintorez_m1,wpn_vintorez_m2,wpn_xm4
mod9,wpn_walther_p99,wpn_walther_p99_mod9
mod_x_gen3,wpn_remington700,wpn_remington700_archangel
mono_kit,wpn_ak12_custom
monstrum,wpn_aug_freedom,wpn_benelli_m1014,wpn_kriss_vector,wpn_ksg23,wpn_m249,wpn_mossberg590_rail,wpn_mp155,wpn_mp5,wpn_mp5_alt,wpn_mp5_custom,wpn_mp5_nimble,wpn_mp5sd,wpn_mp5sd_custom,wpn_mp5sd_new,wpn_mp7,wpn_p90gamma,wpn_pp2000,wpn_raptr,wpn_saiga12s_isg,wpn_saiga12s_m2,wpn_sr2_m1,wpn_udp9,wpn_ump45_custom,wpn_vityaz
none,wpn_ak12_custom_mono_kit,wpn_ak74_old,wpn_ak74_rpk,wpn_ak74u_old,wpn_ak74u_snag,wpn_akm_bas,wpn_akms_bas,wpn_aug_a3_custom_bas,wpn_dtmdr_sup,wpn_fort500,wpn_korth,wpn_ks23_23_up,wpn_ks23_ecolog,wpn_ks23_kaban_kab_up,wpn_m16a2,wpn_sig550_sniper,wpn_sr2_veresk_sr2_upkit,wpn_steyr_scout,wpn_steyr_scout_big,wpn_svd_nimble,wpn_vintorez_1pn93,wpn_vintorez_nimble
okp,wpn_9a91,wpn_abakan_n,wpn_aek,wpn_ak101,wpn_ak101_camo,wpn_ak103,wpn_ak103_camo,wpn_ak105,wpn_ak74,wpn_ak74_alt,wpn_ak74_custom,wpn_ak74_modern,wpn_ak74_n,wpn_ak74_pmc,wpn_ak74m,wpn_ak74m_alt,wpn_ak74m_beard,wpn_ak74m_camo,wpn_ak74m_custom,wpn_ak74m_duty,wpn_ak74m_n,wpn_ak74u,wpn_ak74u_camo,wpn_ak74u_custom,wpn_ak74u_n1,wpn_ak74u_tac,wpn_akms_alt,wpn_bizon,wpn_pkp_siber,wpn_rpk74,wpn_saiga12s_m1,wpn_sks_molot,wpn_sks_tac,wpn_svu,wpn_svu_alt,wpn_svu_nimble,wpn_val,wpn_val_modern,wpn_val_tac,wpn_vihr,wpn_vintorez_m1,wpn_vintorez_m2,wpn_vintorez_n1,wpn_vsk94
ots2_upgr_kit,wpn_kiparis
p1x42,wpn_ace52,wpn_adar2_15,wpn_ak104_alfa,wpn_ak12_m1,wpn_ak5c_bas,wpn_ak5c_bas_5c_tik,wpn_ak74_isg,wpn_ak74_pmc,wpn_ak74m_beard,wpn_ak74u_isg,wpn_ak74u_m1_isg,wpn_ak74u_tac,wpn_akm_alfa,wpn_akm_isg,wpn_ash12,wpn_aug_freedom,wpn_aug_merc,wpn_dtmdr_black,wpn_eft_rsh12,wpn_fal_sa58_osw,wpn_groza_nimble,wpn_howa20,wpn_m249,wpn_mk47,wpn_mossberg590_rail,wpn_mp5,wpn_mp5_alt,wpn_mp5_custom,wpn_mp5_nimble,wpn_mp5sd,wpn_mp5sd_custom,wpn_mp5sd_new,wpn_mp7,wpn_mp9,wpn_p90gamma,wpn_pkm_zenit_siber,wpn_pp2000,wpn_raptr,wpn_rpk74_16,wpn_saiga12s_isg,wpn_saiga12s_m2,wpn_sr2_m1,wpn_toz106_m1,wpn_ump45_custom,wpn_vityaz,wpn_vssk
pgo7gs,wpn_rpg7
pk6,wpn_ak104_alfa,wpn_ak105_shakal,wpn_ak105_swamp,wpn_ak12_m1,wpn_ak74_pmc,wpn_ak74m_beard,wpn_ak74u_tac,wpn_amb17,wpn_benelli_m1014,wpn_desert_eagle,wpn_desert_eagle_nimble,wpn_eft_rsh12,wpn_fn57,wpn_glock17_m1,wpn_groza_nimble,wpn_korth_custom,wpn_mossberg590_rail,wpn_mp412,wpn_p90gamma,wpn_pkm_zenit_siber,wpn_pp2000,wpn_rpk74_16,wpn_saiga12s_isg,wpn_saiga12s_m2,wpn_sr2_m1,wpn_toz106_m1,wpn_usp_tac_45,wpn_vityaz
pka,wpn_9a91,wpn_abakan_n,wpn_aek,wpn_ak101,wpn_ak101_camo,wpn_ak103,wpn_ak103_camo,wpn_ak105,wpn_ak74,wpn_ak74_alt,wpn_ak74_custom,wpn_ak74_modern,wpn_ak74_n,wpn_ak74_pmc,wpn_ak74m,wpn_ak74m_alt,wpn_ak74m_beard,wpn_ak74m_camo,wpn_ak74m_custom,wpn_ak74m_duty,wpn_ak74m_n,wpn_ak74u_n1,wpn_ak74u_tac,wpn_akms_alt,wpn_bizon,wpn_pkp_siber,wpn_rpk74,wpn_saiga12s_m1,wpn_sks_molot,wpn_sks_tac,wpn_svu,wpn_svu_alt,wpn_svu_nimble,wpn_val,wpn_val_modern,wpn_val_tac,wpn_vihr,wpn_vintorez_m1,wpn_vintorez_m2,wpn_vintorez_n1,wpn_vsk94
pl15_scolaz,wpn_pl15,wpn_pl15_pl15_scolaz,wpn_pl15_tan,wpn_pl15_tan_pl15_scolaz
pn23,wpn_ace52,wpn_adar2_15,wpn_ak104_alfa,wpn_ak105_shakal,wpn_ak105_swamp,wpn_ak12_custom,wpn_ak12_m1,wpn_ak5c_bas,wpn_ak5c_bas_5c_tik,wpn_ak5c_isg,wpn_ak74_isg,wpn_ak74_pmc,wpn_ak74u_isg,wpn_ak74u_m1_isg,wpn_akm_alfa,wpn_akm_isg,wpn_ar15_freedom,wpn_aug_a3_bas,wpn_aug_merc,wpn_brn180,wpn_dtmdr_black,wpn_dvl10,wpn_dvl10_m1,wpn_fal_sa58_osw,wpn_fn2000_nimble,wpn_g36ka4_rwap,wpn_g36nimble_rwap,wpn_groza_nimble,wpn_howa20,wpn_l85_m2,wpn_l85_m3,wpn_m4_butcher,wpn_m4_ru556,wpn_m4_tac,wpn_m4a1_siber,wpn_m98b,wpn_mk47,wpn_pkm_zenit_siber,wpn_rpk74_16,wpn_rpk74_16_drum,wpn_scar_siber,wpn_scar_siber_black,wpn_scar_siber_m1,wpn_scar_siber_m1_black,wpn_scar_siber_m2,wpn_scar_siber_m2_custom,wpn_sig550,wpn_sig550_camo,wpn_sig550_custom,wpn_sr25,wpn_sv98_custom,wpn_svds_pmc,wpn_ump45,wpn_vintorez_isg,wpn_vintorez_m1,wpn_vintorez_m2,wpn_xm4
point_aimpro,wpn_ak12_custom,wpn_ak5c_bas,wpn_ak5c_bas_5c_tik,wpn_ak5c_isg,wpn_am17,wpn_ar15_freedom,wpn_aug_a3_bas,wpn_aug_modern,wpn_brn180,wpn_dtmdr,wpn_eft_rsh12,wpn_g36c_rwap,wpn_g36k_rwap,wpn_groza_nimble,wpn_l85_m2,wpn_l85_m3,wpn_m4_butcher,wpn_m4_ru556,wpn_m4a1_siber,wpn_p90,wpn_raptr,wpn_scar_siber_black,wpn_scar_siber_m1,wpn_scar_siber_m1_black,wpn_scar_siber_m2,wpn_scar_siber_m2_custom,wpn_ump45,wpn_vintorez_m1,wpn_vintorez_m2
pritseldob,wpn_ak74_pmc,wpn_ak74m_beard,wpn_ak74u_tac,wpn_sks_tac,wpn_vintorez_m2
ps01,wpn_9a91,wpn_abakan,wpn_abakan_camo,wpn_ak101,wpn_ak101_camo,wpn_ak102,wpn_ak103,wpn_ak103_camo,wpn_ak104,wpn_ak105,wpn_ak74,wpn_ak74_alt,wpn_ak74_custom,wpn_ak74_modern,wpn_ak74m,wpn_ak74m_alt,wpn_ak74m_camo,wpn_ak74m_custom,wpn_ak74m_duty,wpn_akm,wpn_akms,wpn_akms_alt,wpn_aks74,wpn_aks74_new,wpn_bizon,wpn_pkp_siber,wpn_rpk74,wpn_saiga12s,wpn_saiga12s_m1,wpn_saiga12s_m2,wpn_sks_molot,wpn_sks_tac,wpn_svd,wpn_svd_custom,wpn_svd_m1,wpn_svds,wpn_svu,wpn_svu_alt,wpn_svu_nimble,wpn_val,wpn_val_modern,wpn_val_tac,wpn_vepr,wpn_vihr,wpn_vintorez_isg,wpn_vintorez_m1,wpn_vintorez_m2,wpn_vintorez_n1,wpn_vsk94
ps320,wpn_ace52,wpn_ak105_shakal,wpn_ak105_swamp,wpn_ak74_pmc,wpn_ash12,wpn_aug_merc,wpn_dvl10,wpn_dvl10_m1,wpn_fn2000_nimble,wpn_g36nimble_rwap,wpn_groza_nimble,wpn_howa20,wpn_l85_m2,wpn_rpk74_16_drum,wpn_vssk
pso1m21,wpn_9a91,wpn_abakan_n,wpn_aek,wpn_ak101,wpn_ak101_camo,wpn_ak103,wpn_ak103_camo,wpn_ak105,wpn_ak74,wpn_ak74_alt,wpn_ak74_custom,wpn_ak74_modern,wpn_ak74_pmc,wpn_ak74m,wpn_ak74m_alt,wpn_ak74m_beard,wpn_ak74m_camo,wpn_ak74m_custom,wpn_ak74m_duty,wpn_ak74u,wpn_ak74u_camo,wpn_ak74u_custom,wpn_ak74u_tac,wpn_akms_alt,wpn_pkp_siber,wpn_rpk74,wpn_saiga12s_m1,wpn_sks_molot,wpn_sks_tac,wpn_svd_m1,wpn_svds,wpn_svu,wpn_svu_alt,wpn_svu_nimble,wpn_val,wpn_val_tac,wpn_vihr,wpn_vintorez,wpn_vintorez_alt,wpn_vintorez_isg,wpn_vintorez_m1,wpn_vintorez_m2,wpn_vintorez_n1,wpn_vsk94
pso2,wpn_9a91,wpn_abakan_n,wpn_aek,wpn_ak101,wpn_ak101_camo,wpn_ak103,wpn_ak103_camo,wpn_ak105,wpn_ak105_sp,wpn_ak74,wpn_ak74_alt,wpn_ak74_custom,wpn_ak74_modern,wpn_ak74_n,wpn_ak74_pmc,wpn_ak74m,wpn_ak74m_alt,wpn_ak74m_beard,wpn_ak74m_camo,wpn_ak74m_custom,wpn_ak74m_duty,wpn_ak74m_n,wpn_ak74u,wpn_ak74u_camo,wpn_ak74u_custom,wpn_ak74u_n1,wpn_ak74u_tac,wpn_akms_alt,wpn_bizon,wpn_pkp_siber,wpn_rpk74,wpn_saiga12s_m1,wpn_sks_molot,wpn_sks_tac,wpn_svd_m1,wpn_svds,wpn_svu,wpn_svu_alt,wpn_svu_nimble,wpn_val,wpn_val_modern,wpn_val_tac,wpn_vihr,wpn_vintorez_isg,wpn_vintorez_m1,wpn_vintorez_m2,wpn_vintorez_n1,wpn_vsk94
rakurs,wpn_ak12_custom,wpn_ak5c_isg,wpn_aug_a3_bas,wpn_mp153_m1,wpn_rpk74_16,wpn_scar_siber_m2_custom,wpn_sks_tac,wpn_ump45,wpn_vintorez_m1,wpn_vintorez_m2
razorhd,wpn_akm_alfa,wpn_amb17,wpn_dvl10,wpn_dvl10_m1,wpn_fal_sa58_osw,wpn_fn2000_nimble,wpn_g36ka4_rwap,wpn_groza_nimble,wpn_l85_m2,wpn_m4_ru556,wpn_vssk
rmr,wpn_ace52,wpn_ak12_custom,wpn_ak12_m1,wpn_ak5c_bas,wpn_ak5c_bas_5c_tik,wpn_ak5c_isg,wpn_ak74_isg,wpn_ak74_pmc,wpn_ak74m_beard,wpn_ak74u_isg,wpn_ak74u_m1_isg,wpn_ak74u_tac,wpn_akm_isg,wpn_am17,wpn_ash12,wpn_aug_freedom,wpn_benelli_m1014,wpn_brn180,wpn_desert_eagle,wpn_desert_eagle_nimble,wpn_eft_rsh12,wpn_fal_sa58_osw,wpn_fn57,wpn_glock17_m1,wpn_groza_nimble,wpn_korth_custom,wpn_ksg23,wpn_m249,wpn_m4_ru556,wpn_mk47,wpn_mossberg590_rail,wpn_mp153_m1,wpn_mp412,wpn_mp7,wpn_mp9,wpn_p90,wpn_p90gamma,wpn_pkm_zenit_siber,wpn_pp2000,wpn_rpk74_16,wpn_saiga12s_isg,wpn_saiga12s_m2,wpn_scar_siber_m2_custom,wpn_sks_tac,wpn_sr2_m1,wpn_toz106_m1,wpn_udp9,wpn_usp_tac,wpn_usp_tac_45,wpn_vintorez_m1,wpn_vintorez_m2,wpn_vityaz
romeo4,wpn_ace52,wpn_ak105_shakal,wpn_ak105_swamp,wpn_ak12_m1,wpn_ak5c_bas,wpn_ak5c_bas_5c_tik,wpn_akm_alfa,wpn_ash12,wpn_aug_freedom,wpn_aug_merc,wpn_brn180,wpn_eft_rsh12,wpn_fal_sa58_osw,wpn_howa20,wpn_kriss_vector,wpn_ksg23,wpn_l85_m2,wpn_m249,wpn_mk47,wpn_mp5,wpn_mp5_alt,wpn_mp5_custom,wpn_mp5_nimble,wpn_mp5sd,wpn_mp5sd_custom,wpn_mp5sd_new,wpn_mp9,wpn_sig550,wpn_sig550_camo,wpn_sig550_custom,wpn_sr25,wpn_udp9
romeo8,wpn_ak12_m1,wpn_amb17,wpn_aug_freedom,wpn_eft_rsh12,wpn_fn2000_nimble,wpn_g36nimble_rwap,wpn_kriss_vector,wpn_ksg23,wpn_mp7,wpn_mp9,wpn_p90gamma,wpn_pkm_zenit_siber,wpn_raptr,wpn_saiga12s_isg,wpn_scar_siber,wpn_sig550,wpn_sig550_camo,wpn_sig550_custom,wpn_sr25,wpn_udp9,wpn_ump45_custom,wpn_vityaz
shakal,wpn_ak105
side,wpn_winchester1873
sil_kzrzp,wpn_vssk
silen98,wpn_k98_mod
skeet,wpn_k98_mauser_kit,wpn_k98_mod,wpn_k98_mod_silen98,wpn_m98b
spec_alt,wpn_ace52,wpn_ak104_alfa,wpn_ak105_shakal,wpn_ak105_swamp,wpn_ak12_custom,wpn_ak12_m1,wpn_ak5c_bas,wpn_ak5c_bas_5c_tik,wpn_ak74_isg,wpn_ak74_pmc,wpn_ak74u_isg,wpn_ak74u_m1_isg,wpn_akm_alfa,wpn_akm_isg,wpn_am17,wpn_amb17,wpn_ash12,wpn_aug_merc,wpn_brn180,wpn_fal_sa58_osw,wpn_fn2000_nimble,wpn_g36ka4_rwap,wpn_g36nimble_rwap,wpn_howa20,wpn_l85_m2,wpn_m4_tac,wpn_m4a1_siber,wpn_mk47,wpn_rpk74_16,wpn_rpk74_16_drum,wpn_scar_siber,wpn_scar_siber_black,wpn_scar_siber_m1,wpn_scar_siber_m1_black,wpn_scar_siber_m2_custom,wpn_vintorez_m2
specter,wpn_ace52,wpn_adar2_15,wpn_ak104_alfa,wpn_ak105_shakal,wpn_ak105_swamp,wpn_ak12_custom,wpn_ak12_m1,wpn_ak5c_bas,wpn_ak5c_bas_5c_tik,wpn_ak5c_isg,wpn_ak74_isg,wpn_ak74_pmc,wpn_ak74u_isg,wpn_ak74u_m1_isg,wpn_akm_alfa,wpn_akm_isg,wpn_am17,wpn_amb17,wpn_ar15_freedom,wpn_ash12,wpn_aug_a3_bas,wpn_aug_freedom,wpn_aug_merc,wpn_aug_modern,wpn_benelli_m1014,wpn_brn180,wpn_dtmdr,wpn_dtmdr_black,wpn_dvl10,wpn_dvl10_m1,wpn_fal_sa58_osw,wpn_fn2000_nimble,wpn_g36c_rwap,wpn_g36k_rwap,wpn_g36ka4_rwap,wpn_g36nimble_rwap,wpn_groza_nimble,wpn_howa20,wpn_kriss_vector,wpn_ksg23,wpn_l85_m2,wpn_l85_m3,wpn_m249,wpn_m4_butcher,wpn_m4_ru556,wpn_m4_tac,wpn_m4a1_siber,wpn_mk47,wpn_mossberg590_rail,wpn_mp5,wpn_mp5_alt,wpn_mp5_custom,wpn_mp5_nimble,wpn_mp5sd,wpn_mp5sd_custom,wpn_mp5sd_new,wpn_mp7,wpn_p90,wpn_p90gamma,wpn_pkm_zenit_siber,wpn_pp2000,wpn_raptr,wpn_rpk74_16,wpn_rpk74_16_drum,wpn_saiga12s_isg,wpn_saiga12s_m2,wpn_scar_siber,wpn_scar_siber_black,wpn_scar_siber_m1,wpn_scar_siber_m1_black,wpn_scar_siber_m2,wpn_scar_siber_m2_custom,wpn_sig550,wpn_sig550_camo,wpn_sig550_custom,wpn_sr25,wpn_sr2_m1,wpn_svds_pmc,wpn_udp9,wpn_ump45,wpn_ump45_custom,wpn_vintorez_isg,wpn_vintorez_m1,wpn_vintorez_m2,wpn_vityaz,wpn_xm4
spectre_tactical_kit,wpn_aug_freedom
sr1upgr1,wpn_sr1m,wpn_sr1m_gurza_up,wpn_sr1m_sr1upgr1
sr2_upkit,wpn_sr2_veresk
sup,wpn_ash12,wpn_dtmdr,wpn_dtmdr_black
susat,wpn_ace52,wpn_ak104_alfa,wpn_ak12_custom,wpn_ak5c_bas,wpn_ak5c_bas_5c_tik,wpn_ak5c_isg,wpn_ak74_isg,wpn_ak74_pmc,wpn_ak74u_isg,wpn_ak74u_m1_isg,wpn_akm_isg,wpn_ar15_freedom,wpn_aug_a3_bas,wpn_aug_merc,wpn_aug_modern,wpn_dvl10,wpn_dvl10_m1,wpn_fal_sa58_osw,wpn_howa20,wpn_l85_m2,wpn_l85_m3,wpn_m4_butcher,wpn_m4_ru556,wpn_m4_tac,wpn_m4a1_siber,wpn_mk47,wpn_raptr,wpn_rpk74_16,wpn_scar_siber,wpn_scar_siber_black,wpn_scar_siber_m1,wpn_scar_siber_m1_black,wpn_scar_siber_m2,wpn_scar_siber_m2_custom,wpn_sr25,wpn_svds_pmc,wpn_ump45,wpn_ump45_custom,wpn_vintorez_isg,wpn_vintorez_m1,wpn_vintorez_m2
susatov,wpn_l85_m1
swamp,wpn_ak105
t12,wpn_ace52,wpn_ak104_alfa,wpn_ak105_shakal,wpn_ak105_swamp,wpn_ak5c_bas,wpn_ak5c_bas_5c_tik,wpn_ak74_isg,wpn_ak74u_isg,wpn_ak74u_m1_isg,wpn_akm_alfa,wpn_akm_isg,wpn_amb17,wpn_ash12,wpn_aug_freedom,wpn_aug_merc,wpn_benelli_m1014,wpn_brn180,wpn_desert_eagle_nimble,wpn_dtmdr_black,wpn_fal_sa58_osw,wpn_fn2000_nimble,wpn_fn57,wpn_g36ka4_rwap,wpn_g36nimble_rwap,wpn_groza_nimble,wpn_howa20,wpn_kriss_vector,wpn_ksg23,wpn_l85_m2,wpn_m249,wpn_mk47,wpn_mp155,wpn_mp412,wpn_mp5_nimble,wpn_mp5sd,wpn_mp5sd_custom,wpn_mp5sd_new,wpn_mp7,wpn_p90gamma,wpn_pp2000,wpn_raptr,wpn_rpk74_16,wpn_saiga12s_isg,wpn_sig550_custom,wpn_udp9,wpn_ump45_custom
tac30,wpn_ak12_m1,wpn_ak74_pmc,wpn_aug_freedom,wpn_aug_merc,wpn_benelli_m1014,wpn_dvl10,wpn_dvl10_m1,wpn_fal_sa58_osw,wpn_g36ka4_rwap,wpn_g36nimble_rwap,wpn_groza_nimble,wpn_ksg23,wpn_l85_m2,wpn_m4_ru556,wpn_mossberg590_rail,wpn_raptr,wpn_saiga12s_isg,wpn_saiga12s_m2,wpn_udp9
trihawk,wpn_aug_freedom,wpn_benelli_m1014,wpn_kriss_vector,wpn_ksg23,wpn_m249,wpn_mossberg590_rail,wpn_mp155,wpn_mp5,wpn_mp5_alt,wpn_mp5_custom,wpn_mp5_nimble,wpn_mp5sd,wpn_mp5sd_custom,wpn_mp5sd_new,wpn_mp7,wpn_p90gamma,wpn_pp2000,wpn_raptr,wpn_saiga12s_isg,wpn_saiga12s_m2,wpn_sr2_m1,wpn_udp9,wpn_ump45_custom,wpn_vityaz
triji,wpn_ace52,wpn_ak104_alfa,wpn_ak105_shakal,wpn_ak105_swamp,wpn_ak12_custom,wpn_ak12_m1,wpn_ak5c_bas,wpn_ak5c_bas_5c_tik,wpn_ak74_isg,wpn_ak74_pmc,wpn_ak74u_isg,wpn_ak74u_m1_isg,wpn_akm_alfa,wpn_akm_isg,wpn_am17,wpn_amb17,wpn_ash12,wpn_aug_merc,wpn_brn180,wpn_fal_sa58_osw,wpn_fn2000_nimble,wpn_g36ka4_rwap,wpn_g36nimble_rwap,wpn_howa20,wpn_l85_m2,wpn_m249,wpn_m4_tac,wpn_m4a1_siber,wpn_mk47,wpn_rpk74_16,wpn_rpk74_16_drum,wpn_scar_siber,wpn_scar_siber_black,wpn_scar_siber_m1,wpn_scar_siber_m1_black,wpn_scar_siber_m2_custom,wpn_vintorez_m2
u2p2g0r,wpn_sig220_n,wpn_sig220_n_u2p2g0r,wpn_sig220_n_upg220
uh1_magd,wpn_ak104_alfa,wpn_ak105_shakal,wpn_ak105_swamp,wpn_ak74_isg,wpn_ak74u_isg,wpn_ak74u_m1_isg,wpn_akm_isg,wpn_amb17,wpn_aug_merc,wpn_brn180,wpn_fn2000_nimble,wpn_g36ka4_rwap,wpn_g36nimble_rwap,wpn_howa20,wpn_m249,wpn_m4_ru556
uh2,wpn_ak104_alfa,wpn_ak105_shakal,wpn_ak105_swamp,wpn_ak74_isg,wpn_ak74u_isg,wpn_ak74u_m1_isg,wpn_akm_isg,wpn_amb17,wpn_aug_freedom,wpn_brn180,wpn_eft_rsh12,wpn_fal_sa58_osw,wpn_fn2000_nimble,wpn_g36ka4_rwap,wpn_g36nimble_rwap,wpn_howa20,wpn_m249,wpn_m4_ru556,wpn_mp7,wpn_mp9,wpn_raptr,wpn_scar_siber,wpn_udp9
upg220,wpn_sig220_n,wpn_sig220_n_u2p2g0r,wpn_sig220_n_upg220
usp1,wpn_9a91,wpn_abakan_n,wpn_aek,wpn_ak101,wpn_ak101_camo,wpn_ak103,wpn_ak103_camo,wpn_ak105,wpn_ak105_sp,wpn_ak74,wpn_ak74_alt,wpn_ak74_custom,wpn_ak74_modern,wpn_ak74_n,wpn_ak74_pmc,wpn_ak74m,wpn_ak74m_alt,wpn_ak74m_beard,wpn_ak74m_camo,wpn_ak74m_custom,wpn_ak74m_duty,wpn_ak74m_n,wpn_ak74u,wpn_ak74u_camo,wpn_ak74u_custom,wpn_ak74u_n1,wpn_ak74u_tac,wpn_akms_alt,wpn_pkp_siber,wpn_rpk74,wpn_saiga12s_m1,wpn_sks_molot,wpn_sks_tac,wpn_svd_m1,wpn_svds,wpn_svu,wpn_svu_alt,wpn_svu_nimble,wpn_val,wpn_val_modern,wpn_val_tac,wpn_vihr,wpn_vintorez_isg,wpn_vintorez_m1,wpn_vintorez_m2,wpn_vintorez_n1,wpn_vsk94
vorkuta,wpn_ks23
vulcan,wpn_benelli_m1014,wpn_kriss_vector,wpn_ksg23,wpn_mossberg590_rail,wpn_mp155,wpn_mp5,wpn_mp5_alt,wpn_mp5_custom,wpn_mp5_nimble,wpn_mp5sd,wpn_mp5sd_custom,wpn_mp5sd_new,wpn_mp7,wpn_p90gamma,wpn_pp2000,wpn_raptr,wpn_saiga12s_isg,wpn_saiga12s_m2,wpn_sr2_m1,wpn_udp9,wpn_ump45_custom,wpn_vityaz
wpn_addon_grenade_launcher,wpn_abakan,wpn_abakan_camo,wpn_abakan_n,wpn_ace21,wpn_ace52,wpn_aek,wpn_ak,wpn_ak101,wpn_ak101_camo,wpn_ak103,wpn_ak103_camo,wpn_ak104,wpn_ak104_alfa,wpn_ak105,wpn_ak105_shakal,wpn_ak105_sp,wpn_ak105_swamp,wpn_ak12,wpn_ak12_m1,wpn_ak74,wpn_ak74_alt,wpn_ak74_custom,wpn_ak74_isg,wpn_ak74_modern,wpn_ak74_n,wpn_ak74_old,wpn_ak74_pmc,wpn_ak74_rpk,wpn_ak74m,wpn_ak74m_alt,wpn_ak74m_beard,wpn_ak74m_camo,wpn_ak74m_custom,wpn_ak74m_duty,wpn_ak74m_n,wpn_ak74u_isg,wpn_ak74u_m1_isg,wpn_ak74u_tac,wpn_akm,wpn_akm_alfa,wpn_akm_bas,wpn_akm_isg,wpn_akms,wpn_akms_alt,wpn_akms_bas,wpn_aks,wpn_aks74,wpn_aks74_new,wpn_am17,wpn_amb17,wpn_galil,wpn_galil_custom,wpn_galil_modern,wpn_groza,wpn_groza_nimble,wpn_gsh18,wpn_gsh18_custom,wpn_kriss_vector,wpn_m60,wpn_mp5,wpn_mp5_alt,wpn_mp5_custom,wpn_mp5_nimble,wpn_mp5sd,wpn_mp5sd_custom,wpn_mp5sd_new,wpn_mp7,wpn_mp9,wpn_p90,wpn_p90_gs,wpn_p90gamma,wpn_ppsh41,wpn_ppsh41_rednew,wpn_ppsh41_woodnew,wpn_rpd,wpn_rpk,wpn_rpk74,wpn_rpk74_16,wpn_rpk74_16_drum,wpn_saiga12s,wpn_saiga12s_isg,wpn_saiga12s_m1,wpn_saiga12s_m2,wpn_sig220,wpn_sig220_custom,wpn_sig220_n,wpn_sig220_n_u2p2g0r,wpn_sig220_n_upg220,wpn_sig220_nimble,wpn_sig226,wpn_sig226_226sig_kit,wpn_sr2_m1,wpn_sr2_veresk,wpn_sr2_veresk_sr2_upkit,wpn_udp9,wpn_ump45,wpn_ump45_custom,wpn_usp,wpn_usp_custom,wpn_usp_match,wpn_usp_nimble,wpn_usp_tac,wpn_usp_tac_45,wpn_vepr,wpn_vintorez_m1,wpn_vintorez_m2,wpn_walther,wpn_walther_custom,wpn_walther_p99,wpn_walther_p99_mod9
wpn_addon_grenade_launcher_l85,wpn_l85_m3
wpn_addon_grenade_launcher_m203,wpn_9a91,wpn_adar2_15,wpn_ak5c_bas,wpn_ak5c_bas_5c_tik,wpn_ak5c_isg,wpn_ar15_freedom,wpn_aug,wpn_aug_a1_bas,wpn_aug_a1_custom_bas,wpn_aug_a3,wpn_aug_a3_bas,wpn_aug_a3_custom_bas,wpn_aug_custom,wpn_aug_freedom,wpn_aug_merc,wpn_aug_modern,wpn_brn180,wpn_dtmdr,wpn_dtmdr_black,wpn_dtmdr_black_sup,wpn_dtmdr_sup,wpn_fal,wpn_fal_aus,wpn_fal_sa58_osw,wpn_fn2000,wpn_fn2000_camo,wpn_fn2000_custom,wpn_fn2000_nimble,wpn_fnc,wpn_g3,wpn_g36,wpn_g36_camo,wpn_g36_nimble,wpn_g36c_rwap,wpn_g36k,wpn_g36k_rwap,wpn_g36ka4_rwap,wpn_g36nimble_rwap,wpn_g36v_rwap,wpn_g3sg1,wpn_hk416,wpn_hk417,wpn_howa20,wpn_l85,wpn_l85_alt,wpn_l85_custom,wpn_l85_m1,wpn_l85_m2,wpn_l85_modern,wpn_l85a2,wpn_l85a2_alt,wpn_l85a2_custom,wpn_l85a2_modern,wpn_lr300,wpn_lr300_camo,wpn_lr300_custom,wpn_m16,wpn_m16a2,wpn_m4,wpn_m4_butcher,wpn_m4_ru556,wpn_m4_tac,wpn_m4a1,wpn_m4a1_camo,wpn_m4a1_custom,wpn_m4a1_freedom,wpn_m4a1_siber,wpn_mk14,wpn_mk47,wpn_scar,wpn_scar_custom,wpn_scar_new,wpn_scar_siber_m1,wpn_scar_siber_m1_black,wpn_scar_siber_m2,wpn_scar_siber_m2_custom,wpn_sig550,wpn_sig550_camo,wpn_sig550_custom,wpn_sig550_luckygun,wpn_sig550_sniper,wpn_sig552,wpn_sr25,wpn_vihr,wpn_vintorez,wpn_vintorez_1pn93,wpn_vintorez_alt,wpn_vintorez_n1,wpn_vintorez_nimble,wpn_vsk94,wpn_xm4,wpn_xm8
wpn_addon_grenade_launcher_monolit,wpn_ak12_custom,wpn_ak12_custom_mono_kit,wpn_vintorez_isg
wpn_addon_grenade_launcher_scar,wpn_scar_siber,wpn_scar_siber_black
wpn_addon_scope,pri_a17_gauss_rifle,wpn_ak,wpn_aks,wpn_ash12,wpn_ash12_sup,wpn_beretta,wpn_beretta_alt,wpn_beretta_camo,wpn_beretta_modern,wpn_beretta_modern_d0cter,wpn_beretta_modern_deltapoint,wpn_beretta_modern_rmr,wpn_gauss,wpn_gauss_quest,wpn_gsh18,wpn_gsh18_custom,wpn_l96a1,wpn_l96a1m,wpn_m24,wpn_m82,wpn_m98b,wpn_ppsh41,wpn_ppsh41_rednew,wpn_ppsh41_woodnew,wpn_sig220,wpn_sig220_custom,wpn_sig220_nimble,wpn_svd,wpn_svd_custom,wpn_svd_nimble,wpn_svu,wpn_svu_alt,wpn_svu_nimble,wpn_trg,wpn_usp,wpn_usp_custom,wpn_usp_match,wpn_usp_nimble,wpn_vintorez,wpn_vintorez_1pn93,wpn_vintorez_alt,wpn_vintorez_nimble,wpn_vssk,wpn_wa2000,wpn_walther,wpn_walther_custom
wpn_addon_scope_g43,wpn_g43
wpn_addon_scope_po4x34,wpn_groza,wpn_groza_nimble
wpn_addon_scope_pu,wpn_mosin,wpn_sks_b,wpn_toz106
wpn_addon_scope_susat,wpn_aug,wpn_aug_custom,wpn_aug_freedom,wpn_aug_merc,wpn_aug_modern,wpn_mk14
wpn_addon_scope_zf4,wpn_k98
wpn_addon_silencer,wpn_amb17,wpn_dvl10,wpn_dvl10_m1,wpn_l96a1,wpn_l96a1m,wpn_rpd,wpn_val,wpn_val_modern,wpn_val_tac,wpn_vintorez,wpn_vintorez_1pn93,wpn_vintorez_alt,wpn_vintorez_isg,wpn_vintorez_m1,wpn_vintorez_m2,wpn_vintorez_n1,wpn_vintorez_nimble,wpn_wa2000
wpn_sil_45,wpn_colt1911,wpn_colt1911_alt,wpn_colt1911_camo,wpn_colt1911_custom,wpn_colt1911_duty,wpn_colt1911_merc,wpn_colt1911_modern,wpn_colt1911_n,wpn_colt1911_new,wpn_colt_kimber,wpn_kriss_vector,wpn_sig220,wpn_sig220_custom,wpn_sig220_nimble,wpn_usp,wpn_usp_custom
wpn_sil_57,wpn_fn57,wpn_mp7,wpn_p90,wpn_p90_gs,wpn_p90gamma,wpn_trg
wpn_sil_6p9,wpn_pb,wpn_pb_bas,wpn_pb_bas_custom,wpn_pb_custom
wpn_sil_9a91,wpn_9a91,wpn_vsk94
wpn_sil_9mm,wpn_aug_freedom,wpn_beretta,wpn_beretta_alt,wpn_beretta_camo,wpn_beretta_modern,wpn_beretta_modern_d0cter,wpn_beretta_modern_deltapoint,wpn_beretta_modern_rmr,wpn_cz75,wpn_fort,wpn_fort17,wpn_fort_snag,wpn_gsh18,wpn_gsh18_custom,wpn_hpsa,wpn_hpsa_alt,wpn_kiparis,wpn_mp443,wpn_mp5,wpn_mp5_alt,wpn_mp5_custom,wpn_mp5_nimble,wpn_mp5sd,wpn_mp5sd_custom,wpn_mp5sd_new,wpn_pm,wpn_pm_actor,wpn_pm_bas,wpn_pm_bas_actor,wpn_pm_custom,wpn_pmm,wpn_pp2000,wpn_pp2000_operator,wpn_ppsh41,wpn_ppsh41_rednew,wpn_ppsh41_woodnew,wpn_thompson_1921,wpn_thompson_m1a1,wpn_vz61,wpn_vz61_alt,wpn_vz61_camo,wpn_vz61_freedom,wpn_walther,wpn_walther_custom
wpn_sil_aac762,wpn_fal_aus,wpn_fal_sa58_osw,wpn_scar_siber,wpn_scar_siber_black,wpn_scar_siber_m1,wpn_scar_siber_m1_black,wpn_scar_siber_m2,wpn_scar_siber_m2_custom
wpn_sil_apb,wpn_aps_bas,wpn_aps_bas_apsabigo
wpn_sil_aps,wpn_aps,wpn_oc33
wpn_sil_ash12,wpn_ash12,wpn_ash12_sup
wpn_sil_atg,wpn_ak101,wpn_ak101_camo,wpn_ak102,wpn_ak103,wpn_ak103_camo,wpn_ak104,wpn_ak74_n,wpn_ak74_pmc,wpn_am17
wpn_sil_auga,wpn_aug_a1_bas,wpn_aug_a1_custom_bas,wpn_aug_a3_bas,wpn_aug_a3_custom_bas
wpn_sil_black_box,wpn_korth,wpn_korth_custom,wpn_sig220_n,wpn_sig220_n_u2p2g0r,wpn_sig220_n_upg220,wpn_usp_tac,wpn_usp_tac_45
wpn_sil_daniel,wpn_remington700,wpn_remington700_archangel,wpn_remington700_magpul_pro,wpn_remington700_mod_x_gen3,wpn_steyr_scout_big
wpn_sil_forester,wpn_k98,wpn_k98_mauser_kit,wpn_k98_mod,wpn_k98_mod_silen98
wpn_sil_geks545,wpn_ak104_alfa,wpn_ak105_shakal,wpn_ak105_swamp,wpn_ak12_custom,wpn_ak12_custom_mono_kit,wpn_ak12_m1,wpn_rpk74_16
wpn_sil_gemtech,wpn_fnp45,wpn_fnp45_custom,wpn_fnx45,wpn_fnx45_alt,wpn_fnx45_custom,wpn_glock,wpn_glock_custom,wpn_glock_modern,wpn_l85a2,wpn_l85a2_alt,wpn_l85a2_custom,wpn_l85a2_modern,wpn_mp9,wpn_udp9,wpn_ump45,wpn_ump45_custom,wpn_usp_match,wpn_usp_nimble,wpn_walther_p99,wpn_walther_p99_mod9
wpn_sil_hex23,wpn_ks23_kaban_kab_up,wpn_ksg23
wpn_sil_hexagon,wpn_sks_tac
wpn_sil_kac4,wpn_howa20
wpn_sil_kek12,wpn_raptr,wpn_saiga12s_m1
wpn_sil_kzrzp,wpn_mosin,wpn_sv98,wpn_sv98_custom,wpn_svd,wpn_svd_custom,wpn_svd_m1,wpn_svd_nimble
wpn_sil_lapu7,wpn_remington700_lapua700
wpn_sil_m42k,wpn_adar2_15,wpn_l85_m1,wpn_l85_m2,wpn_l85_m3,wpn_m4a1_siber,wpn_xm4
wpn_sil_nato,wpn_ace21,wpn_ace52,wpn_ak5c_bas,wpn_aug,wpn_aug_a3,wpn_aug_custom,wpn_aug_merc,wpn_aug_modern,wpn_dtmdr,wpn_dtmdr_black,wpn_dtmdr_black_sup,wpn_dtmdr_sup,wpn_fal,wpn_famas3,wpn_fn2000,wpn_fn2000_camo,wpn_fn2000_custom,wpn_fn2000_nimble,wpn_fnc,wpn_g3,wpn_g36,wpn_g36_camo,wpn_g36_nimble,wpn_g36c_rwap,wpn_g36k,wpn_g36k_rwap,wpn_g36ka4_rwap,wpn_g36nimble_rwap,wpn_g36v_rwap,wpn_hk416,wpn_hk417,wpn_l85,wpn_l85_alt,wpn_l85_custom,wpn_l85_modern,wpn_lr300,wpn_lr300_camo,wpn_lr300_custom,wpn_m16,wpn_m16a2,wpn_m249,wpn_m4,wpn_m4_butcher,wpn_m4_ru556,wpn_m4a1,wpn_m4a1_camo,wpn_m4a1_custom,wpn_m4a1_freedom,wpn_mk14,wpn_mk47,wpn_scar,wpn_scar_custom,wpn_scar_new,wpn_sig550,wpn_sig550_camo,wpn_sig550_custom,wpn_sig550_luckygun,wpn_sig550_sniper,wpn_sig552,wpn_xm8
wpn_sil_osp9,wpn_glock17,wpn_glock17_m1,wpn_sig226,wpn_sig226_226sig_kit
wpn_sil_pbs1,wpn_ak,wpn_akm,wpn_akm_bas,wpn_akms,wpn_akms_alt,wpn_akms_bas,wpn_aks,wpn_bizon,wpn_galil,wpn_galil_custom,wpn_galil_modern,wpn_m60,wpn_rpk,wpn_saiga12s,wpn_vepr,wpn_vityaz
wpn_sil_pbs4,wpn_ak74u,wpn_ak74u_camo,wpn_ak74u_custom,wpn_ak74u_n1,wpn_ak74u_old,wpn_ak74u_snag,wpn_ak74u_tac
wpn_sil_pl15,wpn_pl15,wpn_pl15_pl15_scolaz,wpn_pl15_tan,wpn_pl15_tan_pl15_scolaz
wpn_sil_pmm,wpn_pm_bas_custom,wpn_pmm_bas
wpn_sil_rotor,wpn_svds_pmc
wpn_sil_salvo,wpn_benelli_m1014,wpn_mp153_m1,wpn_mp155,wpn_saiga12s_isg,wpn_saiga12s_m2,wpn_spas12,wpn_spas12_custom,wpn_spas12_nimble
wpn_sil_spec_isg,wpn_ak5c_bas_5c_tik,wpn_ak5c_isg,wpn_ak74_isg,wpn_ak74u_isg,wpn_ak74u_m1_isg,wpn_akm_alfa,wpn_akm_isg
wpn_sil_sr1m,wpn_sr1m,wpn_sr1m_gurza_up,wpn_sr1m_sr1upgr1
wpn_sil_sr25,wpn_m98b,wpn_sr25
wpn_sil_surfire,wpn_ar15_freedom,wpn_brn180,wpn_m4_tac,wpn_steyr_scout
wpn_sil_tgp-a,wpn_abakan_camo,wpn_aek,wpn_ak105,wpn_ak105_sp,wpn_ak12,wpn_ak74,wpn_ak74_alt,wpn_ak74_custom,wpn_ak74_modern,wpn_ak74_old,wpn_ak74_rpk,wpn_ak74m,wpn_ak74m_alt,wpn_ak74m_beard,wpn_ak74m_camo,wpn_ak74m_custom,wpn_ak74m_duty,wpn_ak74m_n,wpn_aks74,wpn_aks74_new,wpn_rpk74,wpn_rpk74_16_drum
wpn_sil_tgpv,wpn_pkm_zenit_siber,wpn_pkp_siber,wpn_svds
wpn_sil_veresk,wpn_sr2_m1,wpn_sr2_veresk,wpn_sr2_veresk_sr2_upkit
wpn_sil_vihr,wpn_vihr
