~, Pda_encyclopedia_name, St_data_export_disassemble_amount, St_data_export_disassemble_item, St_data_export_disassemble_amount, St_data_export_disassemble_item, St_data_export_disassemble_amount, St_data_export_disassemble_item, St_data_export_disassemble_amount, St_data_export_disassemble_item, St_data_export_disassemble_amount, St_data_export_disassemble_item, St_data_export_disassemble_amount, St_data_export_disassemble_item, St_data_export_disassemble_amount, St_data_export_disassemble_item, St_data_export_disassemble_amount, St_data_export_disassemble_item, St_data_export_disassemble_amount, St_data_export_disassemble_item, St_data_export_disassemble_amount, St_data_export_disassemble_item
e0t2,"st_addon_scope_e0t2",1 st_data_export_from,"st_addon_scope_e0t2_mag"
magnifier,"st_addon_scope_mag",1 st_data_export_from,"st_addon_scope_e0t2_mag",1 st_data_export_from,"st_addon_scope_razor_mag"
uh2,"st_addon_scope_razor",1 st_data_export_from,"st_addon_scope_razor_mag"
bandage,"st_bandage",1 st_data_export_from,"st_jgut_zhgut",1 st_data_export_from,"st_survival_kit",1 st_data_export_from,"st_medkit_science",1 st_data_export_from,"st_medkit_army"
duct_tape,"st_duct_tape",2 st_data_export_from,"st_armor_repair_fa"
e_syringe,"st_e_syringe",2 st_data_export_from,"st_stim_scientic",2 st_data_export_from,"st_medkit_science",2 st_data_export_from,"st_medkit",1 st_data_export_from,"st_rebirth",1 st_data_export_from,"st_stim_military",1 st_data_export_from,"st_analgetic",1 st_data_export_from,"st_stim_impro",1 st_data_export_from,"st_survival_kit",1 st_data_export_from,"st_salicidic_acid",1 st_data_export_from,"st_tetanus",1 st_data_export_from,"st_adrenalin",1 st_data_export_from,"st_glucose",1 st_data_export_from,"st_medkit_army",1 st_data_export_from,"st_morphine",1 st_data_export_from,"st_glucose_s"
jar,"st_jar",1 st_data_export_from,"st_grease",1 st_data_export_from,"st_drug_booster",1 st_data_export_from,"st_gun_oil_ru",1 st_data_export_from,"st_yadylin",1 st_data_export_from,"st_glue_b",1 st_data_export_from,"st_glue_e",1 st_data_export_from,"st_solvent",1 st_data_export_from,"st_glue_a"
medkit_army,"st_medkit_army",1 st_data_export_from,"st_survival_kit"
powder_3,"st_powder_mag",2 st_data_export_from,"st_metalcan_powder"
powder_1,"st_powder_pistol",3 st_data_export_from,"st_metalcan_powder"
powder_2,"st_powder_rifle",3 st_data_export_from,"st_metalcan_powder"
prt_i_capacitors,"st_prt_i_capacitors",4 st_data_export_from,"st_detector4",3 st_data_export_from,"st_detector2",3 st_data_export_from,"st_pda_2_name",3 st_data_export_from,"st_af_aam_name",2 st_data_export_from,"st_pda_1_name",2 st_data_export_from,"st_af_iam_name",2 st_data_export_from,"st_device_torch_nv_1_name",2 st_data_export_from,"st_pda_3_name",2 st_data_export_from,"st_detector8",2 st_data_export_from,"st_device_torch_nv_2_name",2 st_data_export_from,"st_detector3",2 st_data_export_from,"st_af_aac_name",2 st_data_export_from,"st_detector1",2 st_data_export_from,"st_detector9",2 st_data_export_from,"st_geiger_dead",1 st_data_export_from,"st_pda_name",1 st_data_export_from,"st_device_torch_nv_3_name",1 st_data_export_from,"st_flashlight_broken",1 st_data_export_from,"st_pda_name",1 st_data_export_from,"st_pda_name",1 st_data_export_from,"st_device_flashlight",1 st_data_export_from,"st_radio2",1 st_data_export_from,"st_broken_detector",1 st_data_export_from,"st_binocular_name",1 st_data_export_from,"st_binocular_name",1 st_data_export_from,"st_device_torch_name"
prt_i_copper,"st_prt_i_copper",2 st_data_export_from,"st_af_aam_name",1 st_data_export_from,"st_pda_name",1 st_data_export_from,"st_pda_name",1 st_data_export_from,"st_pda_name",1 st_data_export_from,"st_device_flashlight",1 st_data_export_from,"st_device_torch_name",1 st_data_export_from,"st_detector8",1 st_data_export_from,"st_pda_3_name",1 st_data_export_from,"st_device_torch_nv_3_name",1 st_data_export_from,"st_af_iam_name",1 st_data_export_from,"st_device_torch_nv_1_name",1 st_data_export_from,"st_pda_1_name",1 st_data_export_from,"st_radio2",1 st_data_export_from,"st_geiger_dead",1 st_data_export_from,"st_pda_2_name",1 st_data_export_from,"st_af_aac_name",1 st_data_export_from,"st_detector9",1 st_data_export_from,"st_detector1",1 st_data_export_from,"st_device_torch_nv_2_name",1 st_data_export_from,"st_headlamp"
prt_i_fasteners,"st_prt_i_fasteners",3 st_data_export_from,"st_fieldcooker",2 st_data_export_from,"st_af_cooler_up_name",2 st_data_export_from,"st_af_surge_up_name",2 st_data_export_from,"st_af_frames_up_name",2 st_data_export_from,"st_lead_box_name",2 st_data_export_from,"st_prt_o_support_1",2 st_data_export_from,"st_af_plates_up_name",2 st_data_export_from,"st_af_grid_up_name",1 st_data_export_from,"st_detector9",1 st_data_export_from,"st_hand_watch",1 st_data_export_from,"st_pda_name",1 st_data_export_from,"st_af_grid_name",1 st_data_export_from,"st_af_surge_name",1 st_data_export_from,"st_headlamp",1 st_data_export_from,"st_binocular_name",1 st_data_export_from,"st_broken_detector",1 st_data_export_from,"st_af_cooler_name",1 st_data_export_from,"st_pda_name",1 st_data_export_from,"st_detector4",1 st_data_export_from,"st_pda_name",1 st_data_export_from,"st_radio",1 st_data_export_from,"st_detector2",1 st_data_export_from,"st_detector3",1 st_data_export_from,"st_mirror",1 st_data_export_from,"st_pda_1_name",1 st_data_export_from,"st_cooking",1 st_data_export_from,"st_exo_repair_kit",1 st_data_export_from,"st_af_plates_name",1 st_data_export_from,"st_geiger_dead",1 st_data_export_from,"st_detector1",1 st_data_export_from,"st_af_frames_name",1 st_data_export_from,"st_binocular_name",1 st_data_export_from,"st_detector8",1 st_data_export_from,"st_pda_2_name",1 st_data_export_from,"st_walkie",1 st_data_export_from,"st_mine_name",1 st_data_export_from,"st_device_flashlight",1 st_data_export_from,"st_balon_gas",1 st_data_export_from,"st_exolight_repair_kit",1 st_data_export_from,"st_pda_3_name"
prt_i_paper,"st_prt_i_paper",3 st_data_export_from,"st_ecologist_report_2_of_3_name",3 st_data_export_from,"st_itm_mapkit_2",3 st_data_export_from,"st_itm_mapkit_4",3 st_data_export_from,"st_itm_mapkit_7",3 st_data_export_from,"st_ecologist_report_1_of_3_name",3 st_data_export_from,"st_ecologist_report_3_of_3_name",3 st_data_export_from,"st_itm_mapkit_5",3 st_data_export_from,"st_itm_mapkit_6",3 st_data_export_from,"st_itm_mapkit_8",3 st_data_export_from,"st_itm_mapkit_9",3 st_data_export_from,"st_itm_mapkit_1",3 st_data_export_from,"st_itm_mapkit_3",1 st_data_export_from,"st_gamma_recipe_advanced_4",1 st_data_export_from,"st_gamma_recipe_advanced_3",1 st_data_export_from,"st_gamma_recipe_expert_3",1 st_data_export_from,"st_recipe_drug_4",1 st_data_export_from,"st_gamma_recipe_advanced_2",1 st_data_export_from,"st_letter_military_stalker_name",1 st_data_export_from,"st_gamma_recipe_expert_2",1 st_data_export_from,"st_gamma_recipe_basic_2",1 st_data_export_from,"st_freedom_manual_1_of_2_name",1 st_data_export_from,"st_survival_kit",1 st_data_export_from,"st_gamma_recipe_basic_3",1 st_data_export_from,"st_porn",1 st_data_export_from,"st_monolith_prayer_1_of_3_name",1 st_data_export_from,"st_recipe_drug_1",1 st_data_export_from,"st_gamma_recipe_advanced_1",1 st_data_export_from,"st_medkit",1 st_data_export_from,"st_freedom_manual_1_of_2_name",1 st_data_export_from,"st_letter_to_outside_name",1 st_data_export_from,"st_letter_mercenary_name",1 st_data_export_from,"st_gamma_recipe_expert_4",1 st_data_export_from,"st_memoirs_1_of_2_name",1 st_data_export_from,"st_letter_stalker_letter_3_name",1 st_data_export_from,"st_gamma_recipe_basic_1",1 st_data_export_from,"st_meinkampf",1 st_data_export_from,"st_monolithian_thoughts_name",1 st_data_export_from,"st_recipe_drug_2",1 st_data_export_from,"st_porn2",1 st_data_export_from,"st_memoirs_2_of_2_name",1 st_data_export_from,"st_stalker_letter_2_of_2_name",1 st_data_export_from,"st_recipe_drug_3",1 st_data_export_from,"st_gamma_recipe_expert_1",1 st_data_export_from,"st_gamma_recipe_basic_4",1 st_data_export_from,"st_monolith_prayer_2_of_3_name",1 st_data_export_from,"st_stalker_letter_1_of_2_name",1 st_data_export_from,"st_letter_military_log_name",1 st_data_export_from,"st_monolith_prayer_3_of_3_name"
prt_i_plastic,"st_prt_i_plastic",2 st_data_export_from,"st_medkit_army",2 st_data_export_from,"st_medkit_science",2 st_data_export_from,"st_af_freon_up_name",1 st_data_export_from,"st_stim_military",1 st_data_export_from,"st_stim_impro",1 st_data_export_from,"st_cooking",1 st_data_export_from,"st_af_freon_name",1 st_data_export_from,"st_survival_kit",1 st_data_export_from,"st_stim_scientic"
prt_i_resistors,"st_prt_i_resistors",4 st_data_export_from,"st_detector4",3 st_data_export_from,"st_af_aam_name",2 st_data_export_from,"st_detector3",2 st_data_export_from,"st_pda_1_name",2 st_data_export_from,"st_af_surge_up_name",2 st_data_export_from,"st_pda_2_name",2 st_data_export_from,"st_detector2",2 st_data_export_from,"st_detector9",2 st_data_export_from,"st_pda_3_name",2 st_data_export_from,"st_detector8",2 st_data_export_from,"st_geiger_dead",2 st_data_export_from,"st_af_aac_name",2 st_data_export_from,"st_device_torch_nv_3_name",1 st_data_export_from,"st_device_flashlight",1 st_data_export_from,"st_broken_detector",1 st_data_export_from,"st_flashlight_broken",1 st_data_export_from,"st_device_torch_nv_1_name",1 st_data_export_from,"st_binocular_name",1 st_data_export_from,"st_af_surge_name",1 st_data_export_from,"st_pda_name",1 st_data_export_from,"st_detector1",1 st_data_export_from,"st_radio2",1 st_data_export_from,"st_device_torch_name",1 st_data_export_from,"st_af_iam_name",1 st_data_export_from,"st_binocular_name",1 st_data_export_from,"st_walkie",1 st_data_export_from,"st_pda_name",1 st_data_export_from,"st_device_torch_nv_2_name",1 st_data_export_from,"st_pda_name",1 st_data_export_from,"st_radio"
prt_i_scrap,"st_prt_i_scrap",3 st_data_export_from,"st_fieldcooker",3 st_data_export_from,"st_exo_repair_kit",2 st_data_export_from,"st_shovel_old",2 st_data_export_from,"st_prt_o_support_1",2 st_data_export_from,"st_ied",2 st_data_export_from,"st_af_cooler_up_name",2 st_data_export_from,"st_af_grid_up_name",2 st_data_export_from,"st_shovel_mili",2 st_data_export_from,"st_af_plates_up_name",2 st_data_export_from,"st_lead_box_name",2 st_data_export_from,"st_exolight_repair_kit",2 st_data_export_from,"st_af_freon_up_name",2 st_data_export_from,"st_af_camelbak_up_name",2 st_data_export_from,"st_af_surge_up_name",2 st_data_export_from,"st_af_frames_up_name",2 st_data_export_from,"st_ied_rpg",1 st_data_export_from,"st_cutlery",1 st_data_export_from,"st_beans",1 st_data_export_from,"st_detector3",1 st_data_export_from,"st_af_surge_name",1 st_data_export_from,"st_af_cooler_name",1 st_data_export_from,"st_mirror",1 st_data_export_from,"st_metalcan_powder",1 st_data_export_from,"st_hand_watch",1 st_data_export_from,"st_ball_hammer",1 st_data_export_from,"st_af_iam_name",1 st_data_export_from,"st_detector4",1 st_data_export_from,"st_corn",1 st_data_export_from,"st_af_grid_name",1 st_data_export_from,"st_binocular_name",1 st_data_export_from,"st_army_bowler",1 st_data_export_from,"st_af_frames_name",1 st_data_export_from,"st_af_camelbak_name",1 st_data_export_from,"st_tushonka",1 st_data_export_from,"st_chili",1 st_data_export_from,"st_af_plates_name",1 st_data_export_from,"st_geiger_dead",1 st_data_export_from,"st_tomato",1 st_data_export_from,"st_binocular_name",1 st_data_export_from,"st_mine_name",1 st_data_export_from,"st_af_aac_name",1 st_data_export_from,"st_af_aam_name",1 st_data_export_from,"st_balon_gas",1 st_data_export_from,"st_af_freon_name",1 st_data_export_from,"st_detector8",1 st_data_export_from,"st_detector2",1 st_data_export_from,"st_conserva",1 st_data_export_from,"st_detector1"
prt_i_textolite,"st_prt_i_textolite",1 st_data_export_from,"st_medkit_science",1 st_data_export_from,"st_solvent",1 st_data_export_from,"st_survival_kit",1 st_data_export_from,"st_gun_oil_ru",1 st_data_export_from,"st_armor_repair_fa",1 st_data_export_from,"st_glue_e",1 st_data_export_from,"st_medkit_army",1 st_data_export_from,"st_medkit",1 st_data_export_from,"st_glue_b",1 st_data_export_from,"st_glue_a"
prt_i_transistors,"st_prt_i_transistors",4 st_data_export_from,"st_detector4",4 st_data_export_from,"st_pda_3_name",4 st_data_export_from,"st_detector3",3 st_data_export_from,"st_detector2",3 st_data_export_from,"st_device_torch_nv_3_name",2 st_data_export_from,"st_pda_2_name",2 st_data_export_from,"st_detector8",2 st_data_export_from,"st_pda_1_name",2 st_data_export_from,"st_device_torch_nv_2_name",2 st_data_export_from,"st_detector9",2 st_data_export_from,"st_geiger_dead",2 st_data_export_from,"st_af_aam_name",2 st_data_export_from,"st_af_aac_name",2 st_data_export_from,"st_detector1",1 st_data_export_from,"st_headlamp",1 st_data_export_from,"st_pda_name",1 st_data_export_from,"st_walkie",1 st_data_export_from,"st_broken_detector",1 st_data_export_from,"st_device_torch_nv_1_name",1 st_data_export_from,"st_pda_name",1 st_data_export_from,"st_af_iam_name",1 st_data_export_from,"st_pda_name",1 st_data_export_from,"st_radio"
prt_i_wood,"st_prt_i_wood",4 st_data_export_from,"st_guitar_name",2 st_data_export_from,"st_shovel_mili",2 st_data_export_from,"st_shovel_old",2 st_data_export_from,"st_itms_campfire_name",1 st_data_export_from,"st_ball_hammer"
prt_o_ballistic_1,"st_prt_o_ballistic_1",1 st_data_export_from,"st_af_kevlar_up_name",1 st_data_export_from,"st_af_kevlar_name"
prt_o_ballistic_13,"st_prt_o_ballistic_13",1 st_data_export_from,"st_af_plates_name",1 st_data_export_from,"st_af_camelbak_name",1 st_data_export_from,"st_af_plates_up_name",1 st_data_export_from,"st_af_camelbak_up_name"
prt_o_ballistic_15,"st_prt_o_ballistic_15",1 st_data_export_from,"st_af_frames_name",1 st_data_export_from,"st_af_frames_up_name"
prt_o_ballistic_3,"st_prt_o_ballistic_3",1 st_data_export_from,"st_af_kevlar_up_name",1 st_data_export_from,"st_af_kevlar_name"
prt_o_ballistic_5,"st_prt_o_ballistic_5",2 st_data_export_from,"st_af_kevlar_up_name",1 st_data_export_from,"st_af_kevlar_name",1 st_data_export_from,"st_af_grid_name",1 st_data_export_from,"st_af_grid_up_name"
prt_o_ballistic_7,"st_prt_o_ballistic_7",2 st_data_export_from,"st_af_kevlar_up_name",1 st_data_export_from,"st_af_kevlar_name"
prt_o_ballistic_9,"st_prt_o_ballistic_9",1 st_data_export_from,"st_af_plates_name",1 st_data_export_from,"st_af_camelbak_name",1 st_data_export_from,"st_af_plates_up_name",1 st_data_export_from,"st_af_camelbak_up_name"
prt_o_fabrics_1,"st_prt_o_fabrics_1",3 st_data_export_from,"st_equ_touristpack_name",1 st_data_export_from,"st_beadspread",1 st_data_export_from,"st_gloves",1 st_data_export_from,"st_equ_smallpack_name"
prt_o_fabrics_2,"st_prt_o_fabrics_2",2 st_data_export_from,"st_equ_milpack_name",2 st_data_export_from,"st_equ_touristpack_name",1 st_data_export_from,"st_itm_backpack_name",1 st_data_export_from,"st_underwear",1 st_data_export_from,"st_equ_smilpack_name",1 st_data_export_from,"st_equ_smallpack_name"
prt_o_fabrics_3,"st_prt_o_fabrics_3",3 st_data_export_from,"st_equ_touristpack_name",2 st_data_export_from,"st_kit_hunt",2 st_data_export_from,"st_itm_sleepbag_name",2 st_data_export_from,"st_itm_tent_name",2 st_data_export_from,"st_equ_milpack_name",1 st_data_export_from,"st_itm_backpack_name",1 st_data_export_from,"st_gloves",1 st_data_export_from,"st_equ_smilpack_name",1 st_data_export_from,"st_beadspread",1 st_data_export_from,"st_af_frames_up_name",1 st_data_export_from,"st_af_frames_name",1 st_data_export_from,"st_boots",1 st_data_export_from,"st_bandage",1 st_data_export_from,"st_compression_bag",1 st_data_export_from,"st_af_grid_name",1 st_data_export_from,"st_af_grid_up_name",1 st_data_export_from,"st_equ_smallpack_name"
prt_o_fabrics_4,"st_prt_o_fabrics_4",3 st_data_export_from,"st_itm_tent_name",3 st_data_export_from,"st_equ_milpack_name",2 st_data_export_from,"st_itm_sleepbag_name",2 st_data_export_from,"st_kit_hunt",2 st_data_export_from,"st_jgut_zhgut",2 st_data_export_from,"st_equ_smilpack_name",1 st_data_export_from,"st_af_cooler_up_name",1 st_data_export_from,"st_armor_repair_fa",1 st_data_export_from,"st_glue_a",1 st_data_export_from,"st_glue_e",1 st_data_export_from,"st_boots",1 st_data_export_from,"st_gun_oil_ru",1 st_data_export_from,"st_glue_b",1 st_data_export_from,"st_af_cooler_name",1 st_data_export_from,"st_tarpaulin",1 st_data_export_from,"st_solvent",1 st_data_export_from,"st_compression_bag"
prt_o_retardant_1,"st_prt_o_retardant_1",1 st_data_export_from,"st_af_freon_up_name",1 st_data_export_from,"st_af_freon_name"
prt_o_retardant_13,"st_prt_o_retardant_13",1 st_data_export_from,"st_af_camelbak_up_name",1 st_data_export_from,"st_af_camelbak_name"
prt_o_retardant_17,"st_prt_o_retardant_17",1 st_data_export_from,"st_af_surge_name",1 st_data_export_from,"st_af_surge_up_name"
prt_o_retardant_5,"st_prt_o_retardant_5",1 st_data_export_from,"st_af_freon_up_name",1 st_data_export_from,"st_af_freon_name"
prt_o_retardant_7,"st_prt_o_retardant_7",1 st_data_export_from,"st_af_cooler_up_name",1 st_data_export_from,"st_af_cooler_name"
rope,"st_rope",2 st_data_export_from,"st_synthrope"
swiss_knife,"st_swiss",1 st_data_export_from,"st_kit_hunt"
